"rgn_id","year","Spp","SumLandings"
1,2017,"ALMEJA",862.072
1,2017,"BACALAO DE PROFUNDIDAD",115.021
1,2017,"CARACOL PALO PALO",23.359
1,2017,"CARACOL PICUYO",4.925
1,2017,"CARACOL TEGULA",0.015
1,2017,"CENTOLLA",148.557
1,2017,"CHOLGA",2.218
1,2017,"CHORITO",6.083
1,2017,"CHORO",109.333
1,2017,"CONGRIO COLORADO",20.8
1,2017,"CONGRIO DORADO",22.814
1,2017,"CONGRIO NEGRO",0.556
1,2017,"CORVINA",12.792
1,2017,"CULENGUE",105.634
1,2017,"ERIZO",93.528
1,2017,"HUEPO O NAVAJA DE MAR",14.069
1,2017,"HUIRO",1.07
1,2017,"HUIRO PALO",0.04
1,2017,"JAIBA MARMOLA",418.164
1,2017,"JAIBA PANCHOTE O CANGREJO",17.243
1,2017,"JAIBA PELUDA O PACHONA",9.678
1,2017,"JAIBA REINA",1.161
1,2017,"LAPA NEGRA",0.03
1,2017,"LUGA-ROJA",107.237
1,2017,"LUGA NEGRA O CRESPA",13.957
1,2017,"MERLUZA DEL SUR O AUSTRAL",153.012
1,2017,"NAVAJUELA",0.392
1,2017,"OSTRA CHILENA",153.162
1,2017,"PEJEGALLO",114.896
1,2017,"PEJERREY DE MAR",11.637
1,2017,"PELILLO",23.14
1,2017,"PEPINO DE MAR",48.662
1,2017,"PICOROCO",0.05
1,2017,"PIURE",3.098
1,2017,"PULPO DEL SUR",312.974
1,2017,"REINETA",5.01
1,2017,"ROBALO",5.108
1,2017,"ROLLIZO",8.629
1,2017,"SIERRA",0.347
1,2017,"TAQUILLA",31.7
1,2017,"TOLLO",1.734
1,2017,"TUMBAO",20.743
1,2018,"ALMEJA",1381.545
1,2018,"BACALAO DE PROFUNDIDAD",66.626
1,2018,"CABRILLA ESPAÑOLA",0.005
1,2018,"CARACOL PALO PALO",58.468
1,2018,"CARACOL PICUYO",0.317
1,2018,"CENTOLLA",275.645
1,2018,"CHANCHARRO",0.047
1,2018,"CHICOREA DE MAR",3
1,2018,"CHOLGA",66.152
1,2018,"CHORITO",48.992
1,2018,"CHORO",10.175
1,2018,"COCHAYUYO",0.015
1,2018,"COJINOBA DEL SUR O AZUL",0.09
1,2018,"CONGRIO COLORADO",18.621
1,2018,"CONGRIO DORADO",34.402
1,2018,"CONGRIO NEGRO",0.046
1,2018,"CORVINA",18.292
1,2018,"CULENGUE",121
1,2018,"ERIZO",83.38
1,2018,"HUEPO O NAVAJA DE MAR",23.248
1,2018,"HUIRO",1.725
1,2018,"JAIBA MARMOLA",793.645
1,2018,"JAIBA MORA",0.03
1,2018,"JAIBA PANCHOTE O CANGREJO",12.157
1,2018,"JAIBA PANCORA",0.084
1,2018,"JAIBA PELUDA O PACHONA",11.181
1,2018,"JAIBA REINA",1.095
1,2018,"JAIBA REMADORA",0.018
1,2018,"JUREL",2
1,2018,"LAPA NEGRA",0.247
1,2018,"LENGUADO",0.012
1,2018,"LUCHE",0.058
1,2018,"LUGA-ROJA",29.459
1,2018,"LUGA NEGRA O CRESPA",312.777
1,2018,"MERLUZA DEL SUR O AUSTRAL",201.186
1,2018,"NAVAJUELA",0.33
1,2018,"OSTRA CHILENA",104.088
1,2018,"PEJEGALLO",24.173
1,2018,"PEJERREY DE MAR",14.639
1,2018,"PELILLO",1.97
1,2018,"PEPINO DE MAR",137.054
1,2018,"PIURE",4.913
1,2018,"PULPO DEL SUR",269.393
1,2018,"RAYA ESPINOSA",5.088
1,2018,"RAYA VOLANTIN",9.604
1,2018,"REINETA",4.631
1,2018,"ROBALO",1.644
1,2018,"ROLLIZO",17.403
1,2018,"SIERRA",0.629
1,2018,"TOLLO",0.821
1,2018,"TUMBAO",12.106
1,2019,"ALMEJA",1121.9
1,2019,"BACALAO DE PROFUNDIDAD",71.022
1,2019,"CARACOL PALO PALO",8.914
1,2019,"CARACOL PICUYO",1.458
1,2019,"CARACOL RUBIO",0.016
1,2019,"CARACOL TEGULA",0.115
1,2019,"CAROLA",0.3
1,2019,"CENTOLLA",169.093
1,2019,"CHANCHARRO",4.478
1,2019,"CHOLGA",0.585
1,2019,"CHORITO",57.16
1,2019,"CHORO",65.875
1,2019,"COCHAYUYO",1.52
1,2019,"COJINOBA DEL SUR O AZUL",0.162
1,2019,"CONGRIO COLORADO",20.302
1,2019,"CONGRIO DORADO",35.329
1,2019,"CONGRIO NEGRO",1.044
1,2019,"CORVINA",20.528
1,2019,"CULENGUE",72.567
1,2019,"ERIZO",173.721
1,2019,"HUEPO O NAVAJA DE MAR",38.875
1,2019,"HUIRO",0.65
1,2019,"JAIBA MARMOLA",856.184
1,2019,"JAIBA MORA",0.729
1,2019,"JAIBA PANCHOTE O CANGREJO",11.95
1,2019,"JAIBA PELUDA O PACHONA",26.835
1,2019,"JAIBA REINA",0.672
1,2019,"JIBIA O CALAMAR ROJO",0.693
1,2019,"LAPA NEGRA",0.01
1,2019,"LUGA-ROJA",3.539
1,2019,"LUGA NEGRA O CRESPA",2.103
1,2019,"MERLUZA DEL SUR O AUSTRAL",152.53
1,2019,"NAVAJUELA",2.446
1,2019,"OSTRA CHILENA",118.694
1,2019,"PEJEGALLO",39.658
1,2019,"PEJERREY DE MAR",16.909
1,2019,"PEJESAPO",0.043
1,2019,"PEPINO DE MAR",40.781
1,2019,"PIURE",4.671
1,2019,"PULPO DEL SUR",224.046
1,2019,"RAYA ESPINOSA",5.783
1,2019,"RAYA VOLANTIN",15.883
1,2019,"REINETA",4.293
1,2019,"ROBALO",2.834
1,2019,"ROLLIZO",15.109
1,2019,"SIERRA",0.225
1,2019,"TAQUILLA",0.214
1,2019,"TIBURON FUME, GRIS O GATA DE MAR",0.5
1,2019,"TOLLO",0.259
1,2019,"TUMBAO",46.835
1,2020,"ALMEJA",753.002
1,2020,"ANGUILA BABOSA",0.03
1,2020,"ANGUILA COMUN",0.085
1,2020,"CARACOL PALO PALO",2.42
1,2020,"CAROLA",1.11
1,2020,"CENTOLLA",89.353
1,2020,"CHANCHARRO",9.401
1,2020,"CHICOREA DE MAR",0.01
1,2020,"CHOLGA",0.375
1,2020,"CHORITO",4.72
1,2020,"CHORO",137.012
1,2020,"COCHAYUYO",15.819
1,2020,"CONGRIO COLORADO",7.021
1,2020,"CONGRIO DORADO",26.555
1,2020,"CONGRIO NEGRO",0.535
1,2020,"CONGRIO PLATEADO",0.01
1,2020,"CORVINA",14.392
1,2020,"CULENGUE",3.974
1,2020,"ERIZO",156.091
1,2020,"HUEPO O NAVAJA DE MAR",11.51
1,2020,"JAIBA MARMOLA",662.634
1,2020,"JAIBA MORA",0.587
1,2020,"JAIBA PANCHOTE O CANGREJO",13.688
1,2020,"JAIBA PELUDA O PACHONA",7.002
1,2020,"JAIBA REINA",0.725
1,2020,"JAIBA REMADORA",0.454
1,2020,"LUGA-ROJA",55.651
1,2020,"LUGA NEGRA O CRESPA",40.037
1,2020,"MERLUZA DEL SUR O AUSTRAL",103.852
1,2020,"NAVAJUELA",1.11
1,2020,"OSTRA CHILENA",77.476
1,2020,"PEJEGALLO",59.23
1,2020,"PEJERREY DE MAR",39.854
1,2020,"PEPINO DE MAR",0.1
1,2020,"PICOROCO",9.956
1,2020,"PIURE",0.4
1,2020,"PULPO DEL SUR",73.996
1,2020,"RAYA ESPINOSA",0.387
1,2020,"RAYA VOLANTIN",6.289
1,2020,"REINETA",12.305
1,2020,"ROBALO",2.021
1,2020,"ROLLIZO",9.764
1,2020,"SIERRA",0.03
1,2020,"TIBURON FUME, GRIS O GATA DE MAR",0.669
1,2020,"TOLLO",2.053
1,2020,"TUMBAO",0.7
1,2021,"ALMEJA",623.686
1,2021,"ANGUILA BABOSA",0.15
1,2021,"BACALAO DE PROFUNDIDAD",77.672
1,2021,"CARACOL PALO PALO",7.47
1,2021,"CARACOL PICUYO",0.08
1,2021,"CAROLA",1.53
1,2021,"CENTOLLA",143.318
1,2021,"CHANCHARRO",0.47
1,2021,"CHOLGA",0.4
1,2021,"CHORITO",13.6
1,2021,"CHORO",11.759
1,2021,"COCHAYUYO",0.32
1,2021,"CONGRIO COLORADO",2.426
1,2021,"CONGRIO DORADO",18.051
1,2021,"CONGRIO NEGRO",0.368
1,2021,"CONGRIO PLATEADO",0.3
1,2021,"CORVINA",11.424
1,2021,"ERIZO",90.448
1,2021,"HUEPO O NAVAJA DE MAR",0.2
1,2021,"HUIRO",0.4
1,2021,"JAIBA MARMOLA",853.961
1,2021,"JAIBA MORA",0.04
1,2021,"JAIBA PANCHOTE O CANGREJO",17.757
1,2021,"JAIBA PELUDA O PACHONA",2.441
1,2021,"JAIBA REINA",2.757
1,2021,"JAIBA REMADORA",0.646
1,2021,"LAPA BONETE",0.15
1,2021,"LAPA NEGRA",0.02
1,2021,"LUGA-ROJA",21.386
1,2021,"LUGA NEGRA O CRESPA",25.3
1,2021,"MERLUZA COMUN",0.015
1,2021,"MERLUZA DEL SUR O AUSTRAL",61.278
1,2021,"NAVAJUELA",2.5
1,2021,"OSTRA CHILENA",87.507
1,2021,"PEJEGALLO",32.279
1,2021,"PEJERREY DE MAR",32.785
1,2021,"PICOROCO",5.249
1,2021,"PIURE",2.4
1,2021,"PULPO DEL SUR",112.478
1,2021,"RAYA ESPINOSA",0.748
1,2021,"RAYA VOLANTIN",9.227
1,2021,"REINETA",7.377
1,2021,"ROBALO",1.197
1,2021,"ROLLIZO",2.23
1,2021,"SIERRA",0.56
1,2021,"TIBURON FUME, GRIS O GATA DE MAR",0.55
1,2021,"TOLLO",2.945
1,2021,"TUMBAO",2
2,2017,"ALMEJA",150.52
2,2017,"BROTULA",0.03
2,2017,"CABRILLA COMUN",0.015
2,2017,"CABRILLA ESPAÑOLA",0.01
2,2017,"CARACOL LOCATE",0.09
2,2017,"CARACOL PALO PALO",1.315
2,2017,"CENTOLLA",115.922
2,2017,"CHANCHARRO",0.04
2,2017,"CHOLGA",61.527
2,2017,"CHORITO",14.447
2,2017,"CHORO",91.444
2,2017,"COJINOBA DEL SUR O AZUL",0.04
2,2017,"CONGRIO COLORADO",2.575
2,2017,"CONGRIO DORADO",73.435
2,2017,"CONGRIO NEGRO",0.15
2,2017,"CULENGUE",71.714
2,2017,"ERIZO",47.801
2,2017,"JAIBA MARMOLA",51.722
2,2017,"JAIBA REMADORA",0.06
2,2017,"JUREL",0.03
2,2017,"LAPA NEGRA",0.328
2,2017,"LENGUADO",0.01
2,2017,"LUCHE",0.02
2,2017,"MERLUZA DEL SUR O AUSTRAL",55.532
2,2017,"PEJERREY DE MAR",3.331
2,2017,"PULPO DEL SUR",0.115
2,2017,"PUYE",0.007
2,2017,"REINETA",0.185
2,2017,"ROBALO",33.692
2,2017,"ROLLIZO",25.011
2,2017,"SARDINA AUSTRAL",4779.331
2,2017,"SIERRA",0.095
2,2018,"ALMEJA",22.18
2,2018,"CARACOL LOCATE",0.544
2,2018,"CARACOL PALO PALO",10.448
2,2018,"CENTOLLA",121.449
2,2018,"CHOLGA",6.04
2,2018,"CHORITO",0.175
2,2018,"CHORO",11.233
2,2018,"COJINOBA DEL SUR O AZUL",0.025
2,2018,"CONGRIO DORADO",43.508
2,2018,"CULENGUE",4.479
2,2018,"ERIZO",177.777
2,2018,"JAIBA MARMOLA",201.263
2,2018,"LAPA NEGRA",0.15
2,2018,"LUCHE",0.05
2,2018,"LUGA-ROJA",55.064
2,2018,"MERLUZA DEL SUR O AUSTRAL",17.757
2,2018,"PEJERREY DE MAR",2.855
2,2018,"RAYA ESPINOSA",3.453
2,2018,"RAYA VOLANTIN",4.837
2,2018,"REINETA",0.379
2,2018,"ROBALO",21.436
2,2018,"ROLLIZO",6.092
2,2018,"SARDINA AUSTRAL",634.838
2,2018,"TOLLO",0.05
2,2019,"ALMEJA",49.26
2,2019,"BLANQUILLO",0.08
2,2019,"CABRILLA ESPAÑOLA",0.015
2,2019,"CARACOL PALO PALO",0.067
2,2019,"CENTOLLA",223.771
2,2019,"CENTOLLON",0.008
2,2019,"CHANCHARRO",0.035
2,2019,"CHOLGA",28.07
2,2019,"CHORITO",1
2,2019,"CHORO",20.296
2,2019,"CONGRIO COLORADO",0.205
2,2019,"CONGRIO DORADO",36.199
2,2019,"ERIZO",418.721
2,2019,"JAIBA MARMOLA",110.406
2,2019,"LUGA-ROJA",42.115
2,2019,"MERLUZA DEL SUR O AUSTRAL",3.882
2,2019,"PEJERREY DE MAR",1.457
2,2019,"PULPO DEL SUR",0.04
2,2019,"PUYE",0.05
2,2019,"RAYA VOLANTIN",1.588
2,2019,"ROBALO",15.7
2,2019,"ROLLIZO",0.99
2,2019,"SARDINA AUSTRAL",492.743
2,2020,"ALMEJA",31.49
2,2020,"CARACOL PALO PALO",0.02
2,2020,"CENTOLLA",74.72
2,2020,"CHOLGA",27.15
2,2020,"CHORITO",2.25
2,2020,"CHORO",17.2
2,2020,"CONGRIO DORADO",59.889
2,2020,"CULENGUE",14.548
2,2020,"ERIZO",485.575
2,2020,"JAIBA MARMOLA",379.125
2,2020,"MERLUZA DEL SUR O AUSTRAL",32.288
2,2020,"PEJERREY DE MAR",3.415
2,2020,"ROBALO",14.02
2,2020,"ROLLIZO",0.17
2,2020,"SARDINA AUSTRAL",2072.126
2,2020,"SIERRA",0.01
2,2021,"ALMEJA",64.13
2,2021,"ANCHOVETA",8.031
2,2021,"BLANQUILLO",0.1
2,2021,"CENTOLLA",102.772
2,2021,"CHOLGA",54.735
2,2021,"CHORITO",1.8
2,2021,"CHORO",21.91
2,2021,"CONGRIO COLORADO",0.24
2,2021,"CONGRIO DORADO",67.013
2,2021,"CULENGUE",20.977
2,2021,"ERIZO",387.199
2,2021,"JAIBA MARMOLA",174.357
2,2021,"JAIBA MORA",1.8
2,2021,"LAPA NEGRA",0.1
2,2021,"LUCHE",0.25
2,2021,"MERLUZA DEL SUR O AUSTRAL",281.509
2,2021,"PEJERREY DE MAR",5.531
2,2021,"ROBALO",16.983
2,2021,"ROLLIZO",1.621
2,2021,"SARDINA AUSTRAL",3674.457
3,2017,"CENTOLLA",154.25
3,2017,"CENTOLLON",540.614
3,2018,"CENTOLLA",271.681
3,2018,"CENTOLLON",756.036
3,2019,"CENTOLLA",156.357
3,2019,"CENTOLLON",463.032
3,2019,"ERIZO",11.466
3,2020,"CENTOLLA",124.119
3,2020,"CENTOLLON",496.025
3,2021,"CENTOLLA",155.331
3,2021,"CENTOLLON",362.379
3,2021,"CONGRIO DORADO",2.438
4,2017,"ALMEJA",1269.117
4,2017,"ANCHOVETA",1464.371
4,2017,"BACALADILLO O MOTE",1647.159
4,2017,"BACALAO DE PROFUNDIDAD",98.987
4,2017,"CABRILLA COMUN",0.095
4,2017,"CALAMAR",0.1
4,2017,"CARACOL PALO PALO",4.256
4,2017,"CARACOL TEGULA",0.3
4,2017,"CENTOLLA",389.362
4,2017,"CHANCHARRO",0.015
4,2017,"CHOLGA",273.37
4,2017,"CHORITO",56.04
4,2017,"CHORO",229.966
4,2017,"CONGRIO COLORADO",1.759
4,2017,"CONGRIO DORADO",17.305
4,2017,"CONGRIO NEGRO",0.262
4,2017,"CORVINA",0.218
4,2017,"CULENGUE",538.747
4,2017,"ERIZO",678.002
4,2017,"HUEPO O NAVAJA DE MAR",74.466
4,2017,"JAIBA MARMOLA",14.472
4,2017,"JAIBA MORA",0.419
4,2017,"JAIBA PANCORA",0.436
4,2017,"JAIBA REINA",0.504
4,2017,"JUREL",9.468
4,2017,"LANGOSTINO DE LOS CANALES",8.801
4,2017,"LANGOSTINO ENANO",19.842
4,2017,"LUCHE",0.02
4,2017,"LUGA-ROJA",6.29
4,2017,"LUGA NEGRA O CRESPA",79.8
4,2017,"MERLUZA COMUN",0.5
4,2017,"MERLUZA DEL SUR O AUSTRAL",1332.812
4,2017,"NAVAJUELA",56.462
4,2017,"OSTRA CHILENA",0.19
4,2017,"PAMPANITO",164.27
4,2017,"PEJEGALLO",59.998
4,2017,"PEJERREY DE MAR",277.833
4,2017,"PELILLO",0.2
4,2017,"PICOROCO",21.975
4,2017,"PIURE",1.762
4,2017,"PULPO DEL SUR",82.013
4,2017,"PULPO ENANO",0.165
4,2017,"REINETA",996.966
4,2017,"ROBALO",0.769
4,2017,"ROLLIZO",2.21
4,2017,"SARDINA AUSTRAL",13778.3
4,2017,"SARDINA COMUN",5937.69
4,2017,"SIERRA",0.386
4,2017,"TIBURON FUME, GRIS O GATA DE MAR",0.15
4,2017,"TOLLO",0.33
4,2017,"TUMBAO",300.739
4,2018,"ALMEJA",1550.745
4,2018,"ANCHOVETA",387.117
4,2018,"BACALADILLO O MOTE",215.496
4,2018,"BACALAO DE PROFUNDIDAD",89.972
4,2018,"CABRILLA COMUN",0.082
4,2018,"CARACOL PALO PALO",8.602
4,2018,"CENTOLLA",543.213
4,2018,"CHOLGA",86.716
4,2018,"CHORITO",42.24
4,2018,"CHORO",299.192
4,2018,"COJINOBA DEL NORTE / PIAFRI",0.03
4,2018,"CONGRIO COLORADO",2.593
4,2018,"CONGRIO DORADO",21.462
4,2018,"CONGRIO NEGRO",0.376
4,2018,"CORVINA",8.166
4,2018,"CULENGUE",408.012
4,2018,"ERIZO",641.684
4,2018,"HUEPO O NAVAJA DE MAR",126.27
4,2018,"JAIBA MARMOLA",2.308
4,2018,"JAIBA MORA",3.707
4,2018,"JAIBA PANCORA",0.495
4,2018,"JULIANA O TAWERA",9
4,2018,"JUREL",93.427
4,2018,"LANGOSTINO DE LOS CANALES",4.937
4,2018,"LUGA-ROJA",4.87
4,2018,"LUGA NEGRA O CRESPA",45
4,2018,"MERLUZA DEL SUR O AUSTRAL",1286.139
4,2018,"NAVAJUELA",96.685
4,2018,"PAMPANITO",41.562
4,2018,"PEJEGALLO",38.061
4,2018,"PEJERREY DE MAR",42.23
4,2018,"PEPINO DE MAR",0.508
4,2018,"PICOROCO",14.602
4,2018,"PIURE",0.829
4,2018,"PULPO DEL SUR",81.364
4,2018,"RAYA ESPINOSA",3.216
4,2018,"RAYA VOLANTIN",77.37
4,2018,"REINETA",1287.579
4,2018,"ROBALO",1.926
4,2018,"ROLLIZO",4.146
4,2018,"SARDINA AUSTRAL",8030.642
4,2018,"SARDINA COMUN",656.872
4,2018,"SIERRA",0.172
4,2018,"TIBURON FUME, GRIS O GATA DE MAR",0.051
4,2018,"TOLLO",0.469
4,2018,"TUMBAO",234.715
4,2019,"ALMEJA",1138.15
4,2019,"ANCHOVETA",1195.149
4,2019,"BACALADILLO O MOTE",682.775
4,2019,"BACALAO DE PROFUNDIDAD",64.175
4,2019,"CALAMAR",1.43
4,2019,"CARACOL RUBIO",0.07
4,2019,"CENTOLLA",420.568
4,2019,"CHANCHARRO",0.09
4,2019,"CHOLGA",114.137
4,2019,"CHORITO",7.92
4,2019,"CHORO",166.538
4,2019,"COCHAYUYO",0.05
4,2019,"CONGRIO COLORADO",1.465
4,2019,"CONGRIO DORADO",17.658
4,2019,"CONGRIO NEGRO",0.005
4,2019,"CORVINA",2.22
4,2019,"CULENGUE",220.826
4,2019,"ERIZO",701.262
4,2019,"HUEPO O NAVAJA DE MAR",117.9
4,2019,"JAIBA MARMOLA",16.16
4,2019,"JUREL",151.847
4,2019,"LANGOSTINO DE LOS CANALES",32.512
4,2019,"LUGA-ROJA",0.42
4,2019,"LUGA NEGRA O CRESPA",1.231
4,2019,"MERLUZA DEL SUR O AUSTRAL",1044.491
4,2019,"NAVAJUELA",113.467
4,2019,"OSTRA CHILENA",5.34
4,2019,"PAMPANITO",48.709
4,2019,"PEJEGALLO",31.192
4,2019,"PEJERREY DE MAR",29.865
4,2019,"PEPINO DE MAR",0.037
4,2019,"PICOROCO",9.185
4,2019,"PIURE",0.2
4,2019,"PULPO DEL NORTE",0.15
4,2019,"PULPO DEL SUR",81.653
4,2019,"RAYA ESPINOSA",14.683
4,2019,"RAYA VOLANTIN",104.844
4,2019,"REINETA",556.267
4,2019,"ROBALO",1.173
4,2019,"ROLLIZO",3.331
4,2019,"SARDINA AUSTRAL",10552.217
4,2019,"SARDINA COMUN",548.058
4,2019,"SIERRA",0.02
4,2019,"TOLLO",0.387
4,2019,"TUMBAO",121.32
4,2020,"ALMEJA",1813.79
4,2020,"ANCHOVETA",2656.926
4,2020,"BACALADILLO O MOTE",26.27
4,2020,"BACALAO DE PROFUNDIDAD",2.634
4,2020,"CABRILLA COMUN",0.02
4,2020,"CENTOLLA",167.896
4,2020,"CHANCHARRO",0.39
4,2020,"CHOLGA",401.248
4,2020,"CHORITO",168.044
4,2020,"CHORO",149.034
4,2020,"CONGRIO COLORADO",0.893
4,2020,"CONGRIO DORADO",41.969
4,2020,"CULENGUE",105.118
4,2020,"ERIZO",317.932
4,2020,"HUEPO O NAVAJA DE MAR",54.907
4,2020,"JAIBA MARMOLA",0.227
4,2020,"JAIBA PANCORA",0.31
4,2020,"JUREL",2.5
4,2020,"LANGOSTINO DE LOS CANALES",8.631
4,2020,"LUGA NEGRA O CRESPA",63.861
4,2020,"MERLUZA COMUN",0.14
4,2020,"MERLUZA DEL SUR O AUSTRAL",808.229
4,2020,"NAVAJUELA",101.222
4,2020,"PEJEGALLO",16.475
4,2020,"PEJERREY DE MAR",70.813
4,2020,"PICOROCO",1.655
4,2020,"PULPO DEL SUR",66.231
4,2020,"RAYA ESPINOSA",39.298
4,2020,"RAYA VOLANTIN",92.456
4,2020,"REINETA",594.726
4,2020,"ROBALO",1.919
4,2020,"ROLLIZO",1.048
4,2020,"SARDINA AUSTRAL",14031.718
4,2020,"SARDINA COMUN",1728.3
4,2020,"TOLLO",0.021
4,2020,"TUMBAO",86.487
4,2021,"ALMEJA",3222.554
4,2021,"ANCHOVETA",4243.741
4,2021,"BACALADILLO O MOTE",26.091
4,2021,"BACALAO DE PROFUNDIDAD",46.713
4,2021,"CABRILLA COMUN",0.07
4,2021,"CALAMAR",0.55
4,2021,"CENTOLLA",53.104
4,2021,"CHANCHARRO",0.05
4,2021,"CHOLGA",502.757
4,2021,"CHORITO",165.891
4,2021,"CHORO",355.528
4,2021,"CONGRIO COLORADO",1.23
4,2021,"CONGRIO DORADO",60.159
4,2021,"CULENGUE",15.399
4,2021,"ERIZO",92.911
4,2021,"JAIBA LIMON",2.19
4,2021,"JAIBA MARMOLA",8.46
4,2021,"JAIBA PANCORA",0.5
4,2021,"JUREL",0.85
4,2021,"LANGOSTINO DE LOS CANALES",0.005
4,2021,"LUGA NEGRA O CRESPA",59.485
4,2021,"MERLUZA DE COLA",9.364
4,2021,"MERLUZA DEL SUR O AUSTRAL",1423.353
4,2021,"NAVAJUELA",17.884
4,2021,"OSTRA CHILENA",0.4
4,2021,"PAMPANITO",6.454
4,2021,"PEJEGALLO",9.678
4,2021,"PEJERREY DE MAR",151.831
4,2021,"PICOROCO",0.35
4,2021,"PIURE",13
4,2021,"PULPO DEL SUR",33.889
4,2021,"RAYA ESPINOSA",1.902
4,2021,"RAYA VOLANTIN",101.197
4,2021,"REINETA",1034.588
4,2021,"ROBALO",1.724
4,2021,"ROLLIZO",0.202
4,2021,"SARDINA AUSTRAL",11670.401
4,2021,"SARDINA COMUN",1069.287
4,2021,"TUMBAO",9.831
5,2017,"ALMEJA",298.869
5,2017,"CARACOL PALO PALO",0.42
5,2017,"CENTOLLA",1.792
5,2017,"CHOLGA",156.065
5,2017,"CHORITO",11.478
5,2017,"CHORO",889.967
5,2017,"CONGRIO COLORADO",0.03
5,2017,"CONGRIO DORADO",0.09
5,2017,"CULENGUE",8.748
5,2017,"ERIZO",106.363
5,2017,"HUIRO",5916.914
5,2017,"HUIRO NEGRO O CHASCON",15.142
5,2017,"JAIBA MARMOLA",700.591
5,2017,"LUGA-ROJA",8.733
5,2017,"MERLUZA DEL SUR O AUSTRAL",1.276
5,2017,"PEJEGALLO",37.206
5,2017,"PEJERREY DE MAR",0.197
5,2017,"PULPO DEL SUR",1.12
5,2017,"ROBALO",0.319
5,2017,"SIERRA",0.02
5,2017,"TUMBAO",3.18
5,2018,"ALMEJA",298.458
5,2018,"CARACOL PALO PALO",0.946
5,2018,"CENTOLLA",0.672
5,2018,"CHOLGA",164.185
5,2018,"CHORITO",66.24
5,2018,"CHORO",872.908
5,2018,"CULENGUE",6.402
5,2018,"ERIZO",36.008
5,2018,"HUEPO O NAVAJA DE MAR",0.51
5,2018,"HUIRO",8479.233
5,2018,"JAIBA MARMOLA",473.15
5,2018,"LUCHE",0.03
5,2018,"LUGA NEGRA O CRESPA",2.5
5,2018,"MERLUZA DEL SUR O AUSTRAL",20.574
5,2018,"NAVAJUELA",1.26
5,2018,"PEJEGALLO",22.929
5,2018,"PEJERREY DE MAR",0.301
5,2018,"PELILLO",4.4
5,2018,"PULPO DEL SUR",0.26
5,2018,"ROBALO",0.057
5,2018,"TUMBAO",0.06
5,2019,"ALMEJA",287.424
5,2019,"CENTOLLA",0.588
5,2019,"CHOLGA",63.83
5,2019,"CHORITO",54.55
5,2019,"CHORO",645.439
5,2019,"CULENGUE",2.25
5,2019,"ERIZO",16.791
5,2019,"HUIRO",7587.889
5,2019,"JAIBA MARMOLA",383.957
5,2019,"LUGA-ROJA",6
5,2019,"MERLUZA DEL SUR O AUSTRAL",8.9
5,2019,"PEJEGALLO",17.417
5,2019,"PEJERREY DE MAR",0.072
5,2019,"PELILLO",11.478
5,2019,"PULPO DEL SUR",0.02
5,2019,"RAYA VOLANTIN",76.869
5,2019,"ROBALO",0.067
5,2020,"ALMEJA",129.443
5,2020,"ANCHOVETA",0.05
5,2020,"CENTOLLA",0.223
5,2020,"CHOLGA",103.317
5,2020,"CHORITO",76.55
5,2020,"CHORO",508.424
5,2020,"CULENGUE",0.35
5,2020,"ERIZO",19.047
5,2020,"HUIRO",8308.688
5,2020,"JAIBA MARMOLA",215.927
5,2020,"LUGA-ROJA",9.5
5,2020,"MERLUZA DEL SUR O AUSTRAL",3.171
5,2020,"PEJEGALLO",11.748
5,2020,"PEJERREY DE MAR",0.752
5,2020,"PULPO DEL SUR",0.43
5,2020,"SARDINA AUSTRAL",0.023
5,2020,"SARDINA COMUN",0.041
5,2021,"ALMEJA",137.825
5,2021,"CARACOL PALO PALO",2.71
5,2021,"CENTOLLA",4.172
5,2021,"CHOLGA",130.404
5,2021,"CHORITO",34.71
5,2021,"CHORO",343.815
5,2021,"ERIZO",7.585
5,2021,"HUIRO",8921.543
5,2021,"JAIBA MARMOLA",99.035
5,2021,"MERLUZA DEL SUR O AUSTRAL",1.4
5,2021,"PEJEGALLO",6.103
5,2021,"PEJERREY DE MAR",1.172
5,2021,"PELILLO",1
5,2021,"PICOROCO",3.1
5,2021,"PULPO DEL SUR",0.693
6,2017,"ALMEJA",0.19
6,2017,"CABRILLA ESPAÑOLA",0.06
6,2017,"CARACOL PALO PALO",0.02
6,2017,"CENTOLLA",0.03
6,2017,"CONGRIO COLORADO",0.043
6,2017,"CONGRIO DORADO",1.384
6,2017,"CULENGUE",0.02
6,2017,"ERIZO",311.998
6,2017,"JULIANA O TAWERA",19.421
6,2017,"LAPA NEGRA",0.01
6,2017,"LUGA-ROJA",4.245
6,2017,"LUGA NEGRA O CRESPA",12.78
6,2017,"MERLUZA DEL SUR O AUSTRAL",27.261
6,2017,"NAVAJUELA",0.1
6,2017,"PEJERREY DE MAR",0.172
6,2017,"PICOROCO",0.02
6,2017,"REINETA",0.299
6,2017,"ROBALO",2.582
6,2017,"ROLLIZO",1.057
6,2017,"SIERRA",1.9
6,2017,"TUMBAO",0.03
6,2018,"ALMEJA",18.065
6,2018,"CABRILLA ESPAÑOLA",0.02
6,2018,"CENTOLLON",0.03
6,2018,"CHANCHARRO",0.03
6,2018,"CHOLGA",0.074
6,2018,"CHORITO",1.795
6,2018,"CHORO",3.068
6,2018,"CONGRIO COLORADO",0.191
6,2018,"CONGRIO DORADO",0.435
6,2018,"CONGRIO NEGRO",0.121
6,2018,"ERIZO",24.169
6,2018,"LENGUADO",0.02
6,2018,"LUGA NEGRA O CRESPA",3.95
6,2018,"MERLUZA DEL SUR O AUSTRAL",52.144
6,2018,"NAVAJUELA",0.015
6,2018,"PEJERREY DE MAR",0.275
6,2018,"PICOROCO",0.023
6,2018,"PIURE",0.032
6,2018,"PULPO DEL SUR",0.008
6,2018,"RAYA VOLANTIN",0.287
6,2018,"REINETA",0.267
6,2018,"ROBALO",0.647
6,2018,"ROLLIZO",0.055
6,2018,"SIERRA",0.389
6,2019,"CABRILLA COMUN",0.042
6,2019,"CABRILLA ESPAÑOLA",0.02
6,2019,"CARACOL PALO PALO",0.08
6,2019,"CENTOLLA",1.378
6,2019,"CONGRIO COLORADO",0.039
6,2019,"CONGRIO DORADO",0.13
6,2019,"CONGRIO NEGRO",0.312
6,2019,"CULENGUE",0.05
6,2019,"ERIZO",181.536
6,2019,"LUGA-ROJA",47.304
6,2019,"MERLUZA DEL SUR O AUSTRAL",3.176
6,2019,"PEJERREY DE MAR",0.819
6,2019,"RAYA ESPINOSA",0.202
6,2019,"RAYA VOLANTIN",5.953
6,2019,"REINETA",0.513
6,2019,"ROBALO",1.313
6,2019,"ROLLIZO",0.473
6,2019,"SIERRA",0.394
6,2019,"TUMBAO",0.03
6,2020,"ALMEJA",1.158
6,2020,"CABRILLA COMUN",0.228
6,2020,"CHOLGA",0.02
6,2020,"CHORITO",0.033
6,2020,"CHORO",0.025
6,2020,"CONGRIO COLORADO",0.02
6,2020,"CONGRIO DORADO",0.32
6,2020,"CONGRIO NEGRO",0.131
6,2020,"CORVINA",0.018
6,2020,"ERIZO",26.512
6,2020,"LAPA BONETE",0.023
6,2020,"LAPA NEGRA",0.02
6,2020,"LUGA-ROJA",14.7
6,2020,"MERLUZA DEL SUR O AUSTRAL",14.99
6,2020,"PEJERREY DE MAR",0.31
6,2020,"REINETA",0.07
6,2020,"ROBALO",0.885
6,2020,"ROLLIZO",0.093
6,2020,"SIERRA",0.373
6,2021,"CABINZA",0.043
6,2021,"CABRILLA COMUN",0.235
6,2021,"CABRILLA ESPAÑOLA",0.02
6,2021,"CENTOLLA",0.22
6,2021,"CHANCHARRO",0.267
6,2021,"CONGRIO COLORADO",0.014
6,2021,"CONGRIO DORADO",0.59
6,2021,"CONGRIO NEGRO",0.245
6,2021,"CORVINA",0.24
6,2021,"ERIZO",9
6,2021,"LUGA-ROJA",44.72
6,2021,"MERLUZA DEL SUR O AUSTRAL",25.139
6,2021,"PEJERREY DE MAR",0.678
6,2021,"PULPO DEL SUR",0.041
6,2021,"RAYA VOLANTIN",2.847
6,2021,"REINETA",0.448
6,2021,"ROBALO",1.986
6,2021,"ROLLIZO",0.3
6,2021,"SALMON REY",0.005
6,2021,"SIERRA",0.373
7,2017,"ALMEJA",20.89
7,2017,"CABRILLA COMUN",0.011
7,2017,"CARACOL PICUYO",0.355
7,2017,"CENTOLLA",11.019
7,2017,"CHANCHARRO",0.017
7,2017,"CHOLGA",0.138
7,2017,"CHORO",45.901
7,2017,"ERIZO",324.033
7,2017,"HUIRO",317.824
7,2017,"JAIBA MARMOLA",35.152
7,2017,"LUGA-ROJA",26.113
7,2017,"LUGA NEGRA O CRESPA",47.959
7,2017,"NAVAJUELA",0.015
7,2017,"PEJERREY DE MAR",0.068
7,2017,"PULPO DEL SUR",7.69
7,2017,"ROBALO",0.078
7,2017,"SARDINA AUSTRAL",29.9
7,2018,"ALMEJA",57.899
7,2018,"ANCHOVETA",0.5
7,2018,"CABRILLA COMUN",0.019
7,2018,"CENTOLLA",11.733
7,2018,"CHANCHARRO",0.034
7,2018,"CHOLGA",17.324
7,2018,"CHORITO",0.21
7,2018,"CHORO",155.699
7,2018,"COCHAYUYO",16
7,2018,"CONGRIO COLORADO",0.192
7,2018,"ERIZO",176.205
7,2018,"HUIRO",231.406
7,2018,"JAIBA MARMOLA",30.484
7,2018,"LUGA-ROJA",3.972
7,2018,"LUGA NEGRA O CRESPA",205.245
7,2018,"PEJERREY DE MAR",0.135
7,2018,"PULPO DEL SUR",9.106
7,2018,"ROBALO",0.231
7,2018,"SARDINA AUSTRAL",49.81
7,2018,"SARDINA COMUN",0.5
7,2018,"SIERRA",0.34
7,2019,"ALMEJA",7.524
7,2019,"CHANCHARRO",0.133
7,2019,"CHOLGA",3.26
7,2019,"CHORITO",3.75
7,2019,"CHORO",55.26
7,2019,"CONGRIO COLORADO",3.905
7,2019,"ERIZO",190.892
7,2019,"HUIRO",197.71
7,2019,"JAIBA MARMOLA",10.389
7,2019,"NAVAJUELA",0.41
7,2019,"PEJERREY DE MAR",1.2
7,2019,"PULPO DEL SUR",18.77
7,2019,"ROBALO",0.103
7,2019,"SARDINA AUSTRAL",36
7,2019,"SARDINA COMUN",7
7,2019,"SIERRA",0.118
7,2020,"ALMEJA",12.746
7,2020,"CHOLGA",24.886
7,2020,"CHORITO",20.5
7,2020,"CHORO",9.235
7,2020,"CONGRIO COLORADO",0.285
7,2020,"ERIZO",91.434
7,2020,"JAIBA MARMOLA",12.784
7,2020,"JAIBA MORA",0.065
7,2020,"MERLUZA DEL SUR O AUSTRAL",1
7,2020,"PEJERREY DE MAR",2.782
7,2020,"PIURE",0.5
7,2020,"PULPO DEL SUR",29.145
7,2020,"ROBALO",1.726
7,2020,"SIERRA",0.425
7,2021,"ALMEJA",26.519
7,2021,"CABRILLA COMUN",0.015
7,2021,"CARACOL PALO PALO",2.36
7,2021,"CHANCHARRO",0.068
7,2021,"CHOLGA",25.958
7,2021,"CHORITO",153.84
7,2021,"CHORO",10.942
7,2021,"CONGRIO COLORADO",0.036
7,2021,"CONGRIO NEGRO",0.055
7,2021,"ERIZO",40.249
7,2021,"JAIBA MARMOLA",14.967
7,2021,"JAIBA MORA",0.028
7,2021,"LUCHE",0.04
7,2021,"NAVAJUELA",0.158
7,2021,"PEJERREY DE MAR",1.03
7,2021,"PULPO DEL SUR",29.287
7,2021,"ROBALO",0.398
7,2021,"ROLLIZO",0.175
7,2021,"SIERRA",0.05
8,2017,"ALMEJA",1.235
8,2017,"CENTOLLA",0.407
8,2017,"CENTOLLON",0.005
8,2017,"CHANCHARRO",0.113
8,2017,"CHOLGA",0.585
8,2017,"CHORITO",0.005
8,2017,"COJINOBA DEL SUR O AZUL",0.01
8,2017,"CONGRIO COLORADO",0.036
8,2017,"CONGRIO DORADO",16.384
8,2017,"CONGRIO NEGRO",0.006
8,2017,"CORVINA",0.007
8,2017,"ERIZO",0.025
8,2017,"JAIBA MARMOLA",0.185
8,2017,"LUGA-ROJA",3
8,2017,"LUGA NEGRA O CRESPA",1
8,2017,"MERLUZA COMUN",0.06
8,2017,"MERLUZA DEL SUR O AUSTRAL",175.091
8,2017,"PEJEGALLO",0.02
8,2017,"PEJERREY DE MAR",1.552
8,2017,"PUYE",0.064
8,2017,"RAYA VOLANTIN",0.016
8,2017,"REINETA",0.016
8,2017,"ROBALO",1.652
8,2017,"ROLLIZO",1.143
8,2017,"SARDINA AUSTRAL",1.63
8,2017,"SIERRA",0.074
8,2017,"TOLLO",0.005
8,2018,"AGUJILLA",0.002
8,2018,"ALMEJA",1.85
8,2018,"AZULEJO",0.012
8,2018,"BROTULA",0.025
8,2018,"CABRILLA COMUN",0.01
8,2018,"CABRILLA ESPAÑOLA",0.045
8,2018,"CENTOLLA",2.432
8,2018,"CHANCHARRO",0.014
8,2018,"CHOLGA",1.76
8,2018,"COJINOBA DEL SUR O AZUL",0.058
8,2018,"CONGRIO COLORADO",0.065
8,2018,"CONGRIO DORADO",56.332
8,2018,"ERIZO",0.15
8,2018,"JAIBA MARMOLA",1.985
8,2018,"JAIBA MORA",0.044
8,2018,"JUREL",0.005
8,2018,"LAPA NEGRA",0.08
8,2018,"LENGUADO",0.019
8,2018,"LUCHE",0.01
8,2018,"MERLUZA DE COLA",0.1
8,2018,"MERLUZA DEL SUR O AUSTRAL",304.069
8,2018,"PEJEGALLO",0.003
8,2018,"PEJERREY DE MAR",1.257
8,2018,"PELILLO",3
8,2018,"PULPO DEL SUR",0.01
8,2018,"PUYE",0.05
8,2018,"RAYA ESPINOSA",5.498
8,2018,"RAYA VOLANTIN",7.141
8,2018,"REINETA",0.015
8,2018,"ROBALO",2.31
8,2018,"ROLLIZO",1
8,2018,"SARDINA AUSTRAL",0.31
8,2018,"TOLLO",0.006
8,2019,"ALMEJA",5.16
8,2019,"ANGUILA",0.004
8,2019,"BROTULA",0.01
8,2019,"CABRILLA ESPAÑOLA",0.003
8,2019,"CENTOLLA",26.232
8,2019,"CHANCHARRO",1.08
8,2019,"CHOLGA",3.7
8,2019,"CONGRIO COLORADO",0.2
8,2019,"CONGRIO DORADO",57.767
8,2019,"JAIBA MARMOLA",1.35
8,2019,"LAPA NEGRA",0.02
8,2019,"LENGUADO",0.002
8,2019,"MERLUZA DEL SUR O AUSTRAL",485.967
8,2019,"PEJEGALLO",0.1
8,2019,"PEJERREY DE MAR",0.445
8,2019,"PUYE",0.97
8,2019,"RAYA ESPINOSA",5.741
8,2019,"RAYA VOLANTIN",13.551
8,2019,"ROBALO",6.178
8,2019,"ROLLIZO",0.362
8,2019,"TOLLO",0.005
8,2020,"BROTULA",0.015
8,2020,"CABALLA",0.002
8,2020,"CABRILLA ESPAÑOLA",0.01
8,2020,"CENTOLLA",13.236
8,2020,"CHANCHARRO",3.601
8,2020,"CONGRIO COLORADO",0.29
8,2020,"CONGRIO DORADO",135.103
8,2020,"JAIBA MARMOLA",4.68
8,2020,"LENGUADO",0.01
8,2020,"MERLUZA DEL SUR O AUSTRAL",734.81
8,2020,"PEJERREY DE MAR",1.86
8,2020,"PUYE",0.031
8,2020,"RAYA ESPINOSA",3.227
8,2020,"RAYA VOLANTIN",33.687
8,2020,"ROBALO",6.524
8,2020,"ROLLIZO",0.02
8,2020,"SIERRA",0.004
8,2021,"ANGUILA COMUN",0.006
8,2021,"BROTULA",0.006
8,2021,"CABRILLA ESPAÑOLA",0.004
8,2021,"CENTOLLA",15.688
8,2021,"CHANCHARRO",0.041
8,2021,"CONGRIO COLORADO",0.266
8,2021,"CONGRIO DORADO",75.394
8,2021,"CONGRIO NEGRO",0.2
8,2021,"ERIZO",6.011
8,2021,"JAIBA MARMOLA",3.934
8,2021,"JAIBA MORA",0.1
8,2021,"LENGUADO",0.006
8,2021,"MERLUZA DEL SUR O AUSTRAL",481.632
8,2021,"PEJEGALLO",0.012
8,2021,"PEJERREY DE MAR",4.82
8,2021,"PUYE",0.8
8,2021,"RAYA ESPINOSA",2.795
8,2021,"RAYA VOLANTIN",79.695
8,2021,"ROBALO",0.831
8,2021,"ROLLIZO",0.011
8,2021,"TOLLO",0.01
9,2017,"ALMEJA",0.16
9,2017,"CABRILLA COMUN",0.15
9,2017,"CABRILLA ESPAÑOLA",0.05
9,2017,"CENTOLLA",0.12
9,2017,"CHOLGA",13.53
9,2017,"CHORITO",85.36
9,2017,"CHORO",0.85
9,2017,"CONGRIO COLORADO",0.03
9,2017,"JAIBA MORA",0.19
9,2017,"PEJEGALLO",0.3
9,2017,"PEJERREY DE MAR",0.63
9,2017,"ROBALO",0.974
9,2017,"ROLLIZO",0.02
9,2017,"TOLLO",0.67
9,2018,"ALMEJA",0.04
9,2018,"CABRILLA COMUN",0.115
9,2018,"CABRILLA ESPAÑOLA",0.015
9,2018,"CENTOLLA",0.135
9,2018,"CHOLGA",14.945
9,2018,"CHORITO",54.1
9,2018,"CHORO",0.45
9,2018,"JAIBA MORA",0.148
9,2018,"PEJEGALLO",0.26
9,2018,"PEJERREY DE MAR",1.13
9,2018,"ROBALO",0.385
9,2018,"ROLLIZO",0.05
9,2019,"ALMEJA",0.2
9,2019,"CENTOLLA",0.15
9,2019,"CHOLGA",4.59
9,2019,"CHORITO",23.46
9,2019,"JAIBA MORA",0.14
9,2019,"PEJEGALLO",0.335
9,2019,"PEJERREY DE MAR",0.205
9,2019,"ROBALO",0.25
9,2019,"ROLLIZO",0.095
9,2020,"CABRILLA COMUN",0.085
9,2020,"CENTOLLA",0.05
9,2020,"CHOLGA",2.575
9,2020,"CHORITO",2.375
9,2020,"JAIBA MORA",0.1
9,2020,"PEJEGALLO",0.133
9,2020,"PEJERREY DE MAR",0.21
9,2020,"ROBALO",0.2
9,2021,"CABRILLA COMUN",0.05
9,2021,"CENTOLLA",0.06
9,2021,"CHOLGA",13.65
9,2021,"CHORITO",0.6
9,2021,"JAIBA MORA",0.08
9,2021,"PEJEGALLO",0.1
9,2021,"PEJERREY DE MAR",0.06
9,2021,"ROBALO",0.14
10,2017,"CHANCHARRO",0.005
10,2017,"CHORITO",41.31
10,2017,"HUIRO",59.004
10,2018,"ALMEJA",1.6
10,2018,"CHORO",9.11
10,2018,"ERIZO",1.05
10,2018,"HUEPO O NAVAJA DE MAR",26.62
10,2018,"HUIRO",150.79
10,2018,"LUGA NEGRA O CRESPA",5
10,2018,"NAVAJUELA",1.8
10,2018,"PEJEGALLO",1.35
10,2018,"PULPO DEL SUR",0.5
10,2019,"HUIRO",130.36
10,2020,"HUIRO",106.842
10,2021,"HUIRO",11.237
11,2017,"ALMEJA",1461.98
11,2017,"ANCHOVETA",5.505
11,2017,"ATUN ALETA AZUL",0.128
11,2017,"BONITO",0.086
11,2017,"CARACOL PALO PALO",2.2
11,2017,"CARACOL PICUYO",0.35
11,2017,"CARACOL TRUMULCO",0.3
11,2017,"CENTOLLA",249.223
11,2017,"CHOLGA",995.197
11,2017,"CHORITO",11.23
11,2017,"CHORO",136.601
11,2017,"CONGRIO COLORADO",1.314
11,2017,"CONGRIO DORADO",57.878
11,2017,"CULENGUE",3.511
11,2017,"ERIZO",1303.659
11,2017,"HUEPO O NAVAJA DE MAR",315.179
11,2017,"HUIRO",1458.321
11,2017,"JAIBA MARMOLA",984.725
11,2017,"JAIBA MORA",0.3
11,2017,"JULIANA O TAWERA",1352.664
11,2017,"LUGA-ROJA",140.765
11,2017,"LUGA NEGRA O CRESPA",76.61
11,2017,"MERLUZA DEL SUR O AUSTRAL",27.799
11,2017,"NAVAJUELA",113.23
11,2017,"OSTRA CHILENA",1
11,2017,"PEJEGALLO",126.816
11,2017,"PEJERREY DE MAR",1.337
11,2017,"PIURE",2.105
11,2017,"PULPO DEL SUR",120.432
11,2017,"REINETA",1160.416
11,2017,"ROBALO",5.845
11,2017,"ROLLIZO",0.518
11,2017,"SARDINA AUSTRAL",239.46
11,2017,"SARDINA COMUN",34.352
11,2017,"SIERRA",9.168
11,2017,"TUMBAO",4.237
11,2018,"ALMEJA",1093.632
11,2018,"ANCHOVETA",0.504
11,2018,"ATUN CHAUCHERA",0.014
11,2018,"BACALADILLO O MOTE",0.015
11,2018,"BROTULA",0.018
11,2018,"CABRILLA COMUN",0.01
11,2018,"CALAMAR",0.042
11,2018,"CARACOL PALO PALO",3.404
11,2018,"CARACOL PICUYO",0.15
11,2018,"CARACOL TRUMULCO",0.455
11,2018,"CENTOLLA",337.859
11,2018,"CHANCHARRO",0.16
11,2018,"CHOLGA",1209.466
11,2018,"CHORITO",16.8
11,2018,"CHORO",145.24
11,2018,"CONGRIO COLORADO",4.596
11,2018,"CONGRIO DORADO",33.764
11,2018,"CONGRIO NEGRO",0.04
11,2018,"CORVINA",0.05
11,2018,"CULENGUE",3.5
11,2018,"ERIZO",714.399
11,2018,"HUEPO O NAVAJA DE MAR",140.637
11,2018,"HUIRO",2645.614
11,2018,"JAIBA MARMOLA",662.006
11,2018,"JAIBA PANCHOTE O CANGREJO",0.112
11,2018,"JAIBA REINA",0.271
11,2018,"JIBIA O CALAMAR ROJO",0.205
11,2018,"JULIANA O TAWERA",627.535
11,2018,"JUREL",0.011
11,2018,"LENGUADO",0.006
11,2018,"LUCHE",0.754
11,2018,"LUGA-ROJA",52.171
11,2018,"LUGA NEGRA O CRESPA",62.66
11,2018,"MERLUZA DE COLA",0.012
11,2018,"MERLUZA DEL SUR O AUSTRAL",69.664
11,2018,"NAVAJUELA",58.322
11,2018,"OSTRA CHILENA",0.65
11,2018,"PEJEGALLO",126.155
11,2018,"PEJERREY DE MAR",0.577
11,2018,"PIURE",0.075
11,2018,"PULPO DEL SUR",62.169
11,2018,"RAYA ESPINOSA",0.869
11,2018,"RAYA VOLANTIN",51.036
11,2018,"REINETA",1027.031
11,2018,"ROBALO",2.469
11,2018,"ROLLIZO",0.553
11,2018,"SARDINA AUSTRAL",173.385
11,2018,"SARDINA COMUN",10.107
11,2018,"SIERRA",1.34
11,2018,"TOLLO",0.3
11,2018,"TUMBAO",0.3
11,2019,"ALMEJA",790.375
11,2019,"ANCHOVETA",4.907
11,2019,"ATUN LANZON",0.719
11,2019,"BLANQUILLO",0.014
11,2019,"BROTULA",0.057
11,2019,"CABRILLA COMUN",0.115
11,2019,"CALAMAR",0.062
11,2019,"CARACOL PALO PALO",3.686
11,2019,"CARACOL PICUYO",0.15
11,2019,"CENTOLLA",349.874
11,2019,"CHANCHARRO",0.619
11,2019,"CHOLGA",137.225
11,2019,"CHORITO",26.49
11,2019,"CHORO",108.491
11,2019,"COJINOBA DEL SUR O AZUL",0.029
11,2019,"CONGRIO COLORADO",32.996
11,2019,"CONGRIO DORADO",62.621
11,2019,"CONGRIO NEGRO",0.067
11,2019,"CORVINA",1.628
11,2019,"CULENGUE",7.526
11,2019,"ERIZO",1457.93
11,2019,"HUEPO O NAVAJA DE MAR",243.338
11,2019,"HUIRO",3353.684
11,2019,"JAIBA MARMOLA",538.799
11,2019,"JAIBA MORA",0.008
11,2019,"JAIBA PANCHOTE O CANGREJO",0.25
11,2019,"JULIANA O TAWERA",309.03
11,2019,"LUGA-ROJA",4.158
11,2019,"MERLUZA DEL SUR O AUSTRAL",66.457
11,2019,"NAVAJUELA",44.002
11,2019,"OSTRA CHILENA",0.95
11,2019,"PEJEGALLO",97.672
11,2019,"PEJERREY DE MAR",0.78
11,2019,"PELILLO",40.792
11,2019,"PULPO DEL SUR",279.628
11,2019,"RAYA VOLANTIN",65.182
11,2019,"REINETA",316.183
11,2019,"ROBALO",5.502
11,2019,"ROLLIZO",0.393
11,2019,"SARDINA AUSTRAL",260.492
11,2019,"SARDINA COMUN",11.03
11,2019,"SIERRA",2.117
11,2019,"TOLLO",0.7
11,2020,"ALMEJA",309.052
11,2020,"ATUN LANZON",0.35
11,2020,"BROTULA",0.015
11,2020,"CALAMAR",0.028
11,2020,"CENTOLLA",250.194
11,2020,"CHANCHARRO",0.95
11,2020,"CHOLGA",292.527
11,2020,"CHORITO",2.46
11,2020,"CHORO",140.947
11,2020,"COJINOBA DEL SUR O AZUL",0.255
11,2020,"CONGRIO COLORADO",10.611
11,2020,"CONGRIO DORADO",156.943
11,2020,"CONGRIO NEGRO",0.312
11,2020,"ERIZO",771.615
11,2020,"HUEPO O NAVAJA DE MAR",246.055
11,2020,"HUIRO",1845.719
11,2020,"JAIBA MARMOLA",490.946
11,2020,"JAIBA PANCHOTE O CANGREJO",0.166
11,2020,"JAIBA REMADORA",0.07
11,2020,"JULIANA O TAWERA",173.647
11,2020,"LUGA NEGRA O CRESPA",7.69
11,2020,"MERLUZA DEL SUR O AUSTRAL",164.939
11,2020,"NAVAJUELA",52.344
11,2020,"PEJEGALLO",108.072
11,2020,"PEJERREY DE MAR",1.211
11,2020,"PULPO DEL NORTE",0.17
11,2020,"PULPO DEL SUR",71.787
11,2020,"PUYE",0.001
11,2020,"RAYA ESPINOSA",4.105
11,2020,"RAYA VOLANTIN",100.161
11,2020,"REINETA",631.251
11,2020,"ROBALO",6.114
11,2020,"ROLLIZO",3.935
11,2020,"SARDINA AUSTRAL",127.4
11,2020,"SARDINA COMUN",0.04
11,2020,"SIERRA",1.231
11,2021,"ALMEJA",399.754
11,2021,"ANCHOVETA",0.006
11,2021,"ATUN LANZON",0.05
11,2021,"BROTULA",0.042
11,2021,"CABRILLA COMUN",0.006
11,2021,"CALAMAR",0.025
11,2021,"CENTOLLA",218.122
11,2021,"CHANCHARRO",0.464
11,2021,"CHOLGA",283.63
11,2021,"CHORO",213.427
11,2021,"COJINOBA DEL SUR O AZUL",0.015
11,2021,"CONGRIO COLORADO",6.939
11,2021,"CONGRIO DORADO",133.898
11,2021,"CONGRIO NEGRO",0.572
11,2021,"ERIZO",421.865
11,2021,"HUEPO O NAVAJA DE MAR",96.866
11,2021,"HUIRO",1464.634
11,2021,"JAIBA MARMOLA",533.845
11,2021,"JAIBA PANCHOTE O CANGREJO",1.125
11,2021,"JIBIA O CALAMAR ROJO",0.63
11,2021,"JULIANA O TAWERA",87.885
11,2021,"LISA",0.06
11,2021,"LUGA-ROJA",0.6
11,2021,"MERLUZA DEL SUR O AUSTRAL",379.116
11,2021,"NAVAJUELA",42.293
11,2021,"OSTRA CHILENA",0.565
11,2021,"PEJEGALLO",47.697
11,2021,"PEJERREY DE MAR",1.743
11,2021,"PULPO DEL SUR",87.393
11,2021,"PUYE",0.002
11,2021,"RAYA VOLANTIN",87.89
11,2021,"REINETA",1795.96
11,2021,"ROBALO",6.911
11,2021,"ROLLIZO",0.794
11,2021,"SARDINA AUSTRAL",153.794
11,2021,"SARDINA COMUN",0.242
11,2021,"SIERRA",1.583
12,2017,"LAPA NEGRA",0.071
12,2017,"PICOROCO",0.075
12,2017,"PIURE",0.08
12,2018,"ROBALO",0.15
12,2018,"SIERRA",0.2
13,2017,"ALMEJA",61.621
13,2017,"CABRILLA ESPAÑOLA",0.008
13,2017,"CARACOL PALO PALO",0.186
13,2017,"CENTOLLA",8.32
13,2017,"CHOLGA",12.635
13,2017,"CHORITO",0.42
13,2017,"CHORO",9.355
13,2017,"CONGRIO NEGRO",0.004
13,2017,"ERIZO",1286.927
13,2017,"JAIBA MARMOLA",19.533
13,2017,"LAPA NEGRA",0.173
13,2017,"LAPA REINA",0.35
13,2017,"LUCHE",0.113
13,2017,"LUGA-ROJA",127.492
13,2017,"PULPO DEL SUR",0.295
13,2017,"ROBALO",0.653
13,2017,"ROLLIZO",0.008
13,2017,"SIERRA",3.053
13,2018,"ALMEJA",15.612
13,2018,"CABRILLA COMUN",0.028
13,2018,"CENTOLLA",54.002
13,2018,"CHANCHARRO",0.05
13,2018,"CHOLGA",1.05
13,2018,"CHORO",9.217
13,2018,"CONGRIO COLORADO",0.036
13,2018,"CONGRIO DORADO",0.25
13,2018,"CULENGUE",1.837
13,2018,"ERIZO",1256.291
13,2018,"JAIBA MARMOLA",8.655
13,2018,"JAIBA MORA",0.435
13,2018,"JAIBA REINA",0.035
13,2018,"LAPA NEGRA",0.02
13,2018,"LECHUGUILLA",0.01
13,2018,"LUCHE",0.35
13,2018,"LUGA-ROJA",280.114
13,2018,"LUGA NEGRA O CRESPA",0.21
13,2018,"MERLUZA DEL SUR O AUSTRAL",0.524
13,2018,"PULPO DEL SUR",4.081
13,2018,"ROBALO",0.917
13,2018,"ROLLIZO",0.028
13,2019,"ACHA O HACHA",0.012
13,2019,"ALMEJA",1.95
13,2019,"CENTOLLA",47.208
13,2019,"CHOLGA",2.43
13,2019,"CHORO",21.155
13,2019,"CULENGUE",1.487
13,2019,"ERIZO",3325.142
13,2019,"JAIBA MARMOLA",2.928
13,2019,"JAIBA MORA",0.05
13,2019,"JAIBA PANCHOTE O CANGREJO",0.012
13,2019,"LAPA NEGRA",0.009
13,2019,"LAPA REINA",0.004
13,2019,"LUCHE",0.036
13,2019,"LUGA-ROJA",378.007
13,2019,"PEJERREY DE MAR",0.06
13,2019,"PULPO DEL SUR",0.458
13,2019,"PUYE",0.2
13,2019,"ROBALO",0.64
13,2019,"ROLLIZO",0.02
13,2019,"SARDINA AUSTRAL",1.45
13,2019,"SIERRA",0.03
13,2020,"ALMEJA",2.092
13,2020,"BROTULA",0.03
13,2020,"CABRILLA COMUN",0.01
13,2020,"CARACOL PALO PALO",0.02
13,2020,"CENTOLLA",2.122
13,2020,"CHANCHARRO",0.003
13,2020,"CHOLGA",1.31
13,2020,"CHORO",26.527
13,2020,"COCHAYUYO",0.08
13,2020,"CONGRIO COLORADO",0.166
13,2020,"CONGRIO DORADO",0.08
13,2020,"ERIZO",3193.941
13,2020,"JAIBA MARMOLA",1.533
13,2020,"JAIBA MORA",0.15
13,2020,"JAIBA PANCHOTE O CANGREJO",0.02
13,2020,"JAIBA PANCORA",0.018
13,2020,"LAPA NEGRA",0.015
13,2020,"LAPA REINA",0.08
13,2020,"LAPA ROSADA",0.27
13,2020,"LUCHE",0.25
13,2020,"LUGA-ROJA",263.644
13,2020,"PEJERREY DE MAR",0.002
13,2020,"PULPO DEL SUR",1.239
13,2020,"ROBALO",0.255
13,2020,"ROLLIZO",0.017
13,2020,"SIERRA",0.056
13,2020,"TOLLO",0.06
13,2021,"ALMEJA",1.361
13,2021,"CARACOL PALO PALO",0.02
13,2021,"CARACOL TEGULA",0.087
13,2021,"CENTOLLA",3.524
13,2021,"CHOLGA",1.27
13,2021,"CHORITO",0.08
13,2021,"CHORO",10.84
13,2021,"CONGRIO COLORADO",0.02
13,2021,"ERIZO",3907.2
13,2021,"JAIBA MARMOLA",0.757
13,2021,"LAPA NEGRA",0.02
13,2021,"LAPA REINA",0.478
13,2021,"LUGA-ROJA",351.848
13,2021,"MERLUZA DEL SUR O AUSTRAL",0.2
13,2021,"PEJERREY DE MAR",0.008
13,2021,"PULPO DEL SUR",2.131
13,2021,"ROBALO",0.15
13,2021,"ROLLIZO",0.011
13,2021,"SIERRA",2.133
14,2017,"ALMEJA",26.081
14,2017,"ANCHOVETA",2.5
14,2017,"CABRILLA COMUN",0.028
14,2017,"CENTOLLA",2.092
14,2017,"CENTOLLON",0.1
14,2017,"CHANCHARRO",0.483
14,2017,"CHOLGA",3181.588
14,2017,"CHORITO",230.847
14,2017,"CHORO",30.404
14,2017,"CONGRIO COLORADO",7.835
14,2017,"CONGRIO DORADO",53.355
14,2017,"CONGRIO NEGRO",0.393
14,2017,"CULENGUE",0.88
14,2017,"ERIZO",12.232
14,2017,"JAIBA MARMOLA",0.028
14,2017,"LENGUADO",0.01
14,2017,"MERLUZA DEL SUR O AUSTRAL",1420.168
14,2017,"NAVAJUELA",0.254
14,2017,"PEJEGALLO",8.396
14,2017,"PEJERREY DE MAR",0.471
14,2017,"PELILLO",0.15
14,2017,"PICOROCO",0.11
14,2017,"PIURE",0.18
14,2017,"PULPO DEL SUR",0.02
14,2017,"RAYA ESPINOSA",0.443
14,2017,"RAYA VOLANTIN",0.574
14,2017,"REINETA",0.009
14,2017,"ROBALO",0.63
14,2017,"ROLLIZO",2.215
14,2017,"SARDINA AUSTRAL",40.95
14,2017,"SARDINA COMUN",37.9
14,2017,"SIERRA",0.579
14,2017,"TOLLO",0.6
14,2017,"TUMBAO",0.036
14,2018,"ALMEJA",26.443
14,2018,"ANCHOVETA",0.615
14,2018,"CABRILLA COMUN",0.007
14,2018,"CARACOL PALO PALO",0.02
14,2018,"CENTOLLA",0.516
14,2018,"CENTOLLON",0.05
14,2018,"CHANCHARRO",0.444
14,2018,"CHOLGA",2762.074
14,2018,"CHORITO",250.598
14,2018,"CHORO",38.978
14,2018,"CONGRIO COLORADO",10.146
14,2018,"CONGRIO DORADO",43.794
14,2018,"CONGRIO NEGRO",0.09
14,2018,"CULENGUE",0.37
14,2018,"ERIZO",109.587
14,2018,"HUIRO",0.005
14,2018,"JAIBA MORA",0.01
14,2018,"LAPA NEGRA",0.08
14,2018,"LUCHE",0.51
14,2018,"LUGA-ROJA",1.5
14,2018,"LUGA NEGRA O CRESPA",2.235
14,2018,"MERLUZA DEL SUR O AUSTRAL",1437.131
14,2018,"NAVAJUELA",0.66
14,2018,"OSTRA CHILENA",0.02
14,2018,"PEJEGALLO",2.388
14,2018,"PEJERREY DE MAR",0.23
14,2018,"PELILLO",0.56
14,2018,"PICOROCO",0.59
14,2018,"PIURE",0.3
14,2018,"PULPO DEL SUR",0.055
14,2018,"RAYA ESPINOSA",15.645
14,2018,"RAYA VOLANTIN",61.372
14,2018,"ROBALO",0.249
14,2018,"ROLLIZO",4.625
14,2018,"SARDINA AUSTRAL",6.8
14,2018,"SARDINA COMUN",0.2
14,2018,"SIERRA",0.159
14,2018,"TUMBAO",0.107
14,2019,"ALMEJA",52.37
14,2019,"ANCHOVETA",27.6
14,2019,"CABRILLA COMUN",0.039
14,2019,"CENTOLLA",10.559
14,2019,"CHANCHARRO",0.797
14,2019,"CHOLGA",2423.315
14,2019,"CHORITO",485.305
14,2019,"CHORO",47.465
14,2019,"COJINOBA DEL SUR O AZUL",0.1
14,2019,"CONGRIO COLORADO",3.593
14,2019,"CONGRIO DORADO",16.877
14,2019,"CONGRIO NEGRO",0.423
14,2019,"CULENGUE",0.82
14,2019,"ERIZO",119.009
14,2019,"MERLUZA DEL SUR O AUSTRAL",1169.673
14,2019,"PEJEGALLO",6.427
14,2019,"PEJERREY DE MAR",1.22
14,2019,"PICOROCO",0.15
14,2019,"PIURE",0.18
14,2019,"PULPO DEL SUR",1.438
14,2019,"RAYA ESPINOSA",19.049
14,2019,"RAYA VOLANTIN",88.852
14,2019,"REINETA",0.366
14,2019,"ROBALO",1.059
14,2019,"ROLLIZO",7.975
14,2019,"SARDINA AUSTRAL",19.51
14,2019,"SIERRA",0.13
14,2020,"ALMEJA",41.95
14,2020,"CENTOLLA",3.901
14,2020,"CHANCHARRO",0.014
14,2020,"CHOLGA",1859.7
14,2020,"CHORITO",275.86
14,2020,"CHORO",43.22
14,2020,"CONGRIO COLORADO",1.118
14,2020,"CONGRIO DORADO",16.969
14,2020,"CONGRIO NEGRO",0.364
14,2020,"ERIZO",45.5
14,2020,"JAIBA MARMOLA",0.02
14,2020,"LUGA-ROJA",3.44
14,2020,"MERLUZA DEL SUR O AUSTRAL",867.142
14,2020,"PEJEGALLO",1.65
14,2020,"PEJERREY DE MAR",69.366
14,2020,"PULPO DEL SUR",0.12
14,2020,"RAYA ESPINOSA",21.547
14,2020,"RAYA VOLANTIN",69.469
14,2020,"ROBALO",0.36
14,2020,"ROLLIZO",8.494
14,2020,"SARDINA COMUN",0.041
14,2021,"ALMEJA",17.464
14,2021,"BROTULA",0.35
14,2021,"CABRILLA COMUN",0.012
14,2021,"CENTOLLA",2.811
14,2021,"CHANCHARRO",1.985
14,2021,"CHOLGA",2871.87
14,2021,"CHORITO",210.185
14,2021,"CHORO",20.985
14,2021,"CONGRIO COLORADO",6.702
14,2021,"CONGRIO DORADO",23.902
14,2021,"CONGRIO NEGRO",0.165
14,2021,"CULENGUE",0.1
14,2021,"ERIZO",26.464
14,2021,"JAIBA MARMOLA",0.03
14,2021,"LUGA-ROJA",1.2
14,2021,"MERLUZA DEL SUR O AUSTRAL",1168.846
14,2021,"NAVAJUELA",0.015
14,2021,"PEJEGALLO",0.21
14,2021,"PEJERREY DE MAR",8.87
14,2021,"PULPO DEL SUR",0.135
14,2021,"RAYA ESPINOSA",3.517
14,2021,"RAYA VOLANTIN",60.626
14,2021,"REINETA",0.02
14,2021,"ROBALO",1.329
14,2021,"ROLLIZO",9.021
16,2017,"ALMEJA",0.018
16,2017,"CARACOL PALO PALO",0.05
16,2017,"CENTOLLON",0.01
16,2017,"CONGRIO COLORADO",0.04
16,2017,"CORVINA",0.05
16,2017,"CULENGUE",0.02
16,2017,"ERIZO",0.01
16,2017,"JAIBA MARMOLA",0.026
16,2017,"JAIBA MORA",0.04
16,2017,"JAIBA REINA",0.035
16,2017,"LAPA NEGRA",0.057
16,2017,"LAPA PICTA",0.005
16,2017,"LUGA NEGRA O CRESPA",102.84
16,2017,"PICOROCO",0.09
16,2017,"PIURE",0.096
16,2017,"REINETA",0.08
16,2017,"ROBALO",0.04
16,2018,"ALMEJA",0.015
16,2018,"CARACOL PALO PALO",0.045
16,2018,"CHORO",0.01
16,2018,"COCHAYUYO",0.05
16,2018,"CONGRIO COLORADO",0.01
16,2018,"CORVINA",0.265
16,2018,"JAIBA MORA",0.13
16,2018,"LAPA NEGRA",0.09
16,2018,"LUGA NEGRA O CRESPA",119.516
16,2018,"PEPINO DE MAR",7.267
16,2018,"PICOROCO",0.15
16,2018,"PIURE",0.08
16,2018,"PULPO DEL SUR",0.012
16,2018,"ROBALO",0.025
16,2018,"ROLLIZO",0.015
16,2018,"SIERRA",0.15
16,2019,"CONGRIO COLORADO",0.012
16,2019,"CORVINA",0.023
16,2019,"LUGA NEGRA O CRESPA",71.27
16,2019,"PEJERREY DE MAR",0.009
16,2019,"PICOROCO",0.14
16,2019,"PIURE",0.04
16,2019,"ROBALO",0.062
16,2019,"SIERRA",0.088
16,2020,"CABRILLA COMUN",0.01
16,2020,"CABRILLA ESPAÑOLA",0.012
16,2020,"CHANCHARRO",0.024
16,2020,"CONGRIO COLORADO",0.018
16,2020,"CORVINA",0.02
16,2020,"PEJERREY DE MAR",0.025
16,2020,"ROBALO",0.013
16,2020,"ROLLIZO",0.007
16,2020,"SIERRA",0.03
17,2017,"ALMEJA",928.571
17,2017,"BACALAO DE PROFUNDIDAD",4.187
17,2017,"BLANQUILLO",0.03
17,2017,"CARACOL PALO PALO",106.338
17,2017,"CARPA",0.14
17,2017,"CENTOLLA",42.316
17,2017,"CHOLGA",4.594
17,2017,"CHORITO",387.845
17,2017,"CHORO",3.01
17,2017,"CONGRIO COLORADO",0.16
17,2017,"CONGRIO DORADO",57.721
17,2017,"CORVINA",46.382
17,2017,"CULENGUE",435.314
17,2017,"ERIZO",321.407
17,2017,"JAIBA MARMOLA",90.638
17,2017,"JAIBA MORA",1.282
17,2017,"JAIBA PANCHOTE O CANGREJO",10.954
17,2017,"JAIBA PELUDA O PACHONA",19.632
17,2017,"JAIBA REINA",0.12
17,2017,"OSTRA CHILENA",0.4
17,2017,"PEJEGALLO",2.239
17,2017,"PEJERREY DE MAR",30.484
17,2017,"PELILLO",11
17,2017,"PEPINO DE MAR",41.792
17,2017,"PICOROCO",134.895
17,2017,"PIURE",1447.454
17,2017,"PULPO DEL SUR",0.15
17,2017,"REINETA",935.488
17,2017,"ROBALO",37.937
17,2017,"ROLLIZO",0.24
17,2017,"SIERRA",38.386
17,2017,"TOLLO",0.356
17,2017,"TUMBAO",20.841
17,2018,"ALMEJA",1218.145
17,2018,"BACALAO DE PROFUNDIDAD",4.742
17,2018,"CARACOL LOCATE",1.3
17,2018,"CARACOL PALO PALO",128.713
17,2018,"CARACOL RUBIO",0.2
17,2018,"CENTOLLA",31.329
17,2018,"CHOLGA",3.116
17,2018,"CHORITO",110.565
17,2018,"CHORO",5.711
17,2018,"COCHAYUYO",0.07
17,2018,"CONGRIO COLORADO",3.782
17,2018,"CONGRIO DORADO",62.706
17,2018,"CORVINA",20.004
17,2018,"CULENGUE",614.377
17,2018,"ERIZO",499.479
17,2018,"JAIBA MARMOLA",158.179
17,2018,"JAIBA MORA",2.881
17,2018,"JAIBA PANCHOTE O CANGREJO",14.444
17,2018,"JAIBA PELUDA O PACHONA",27.714
17,2018,"LAPA NEGRA",11.44
17,2018,"LOCO",0.04
17,2018,"LUGA NEGRA O CRESPA",146.602
17,2018,"NAVAJUELA",1.551
17,2018,"OSTRA CHILENA",0.401
17,2018,"PEJEGALLO",1.308
17,2018,"PEJERREY DE MAR",62.213
17,2018,"PELILLO",7.75
17,2018,"PEPINO DE MAR",17.289
17,2018,"PICOROCO",207.788
17,2018,"PIURE",2015.527
17,2018,"PULPO DEL SUR",0.661
17,2018,"REINETA",986.951
17,2018,"ROBALO",32.089
17,2018,"ROLLIZO",2.255
17,2018,"SIERRA",1.428
17,2018,"TOLLO",0.25
17,2018,"TUMBAO",3.283
17,2019,"ALMEJA",1109.167
17,2019,"BACALAO DE PROFUNDIDAD",2.455
17,2019,"CARACOL PALO PALO",30.092
17,2019,"CENTOLLA",10.893
17,2019,"CHOLGA",12.763
17,2019,"CHORITO",53.208
17,2019,"CHORO",7.58
17,2019,"CONGRIO COLORADO",2.037
17,2019,"CONGRIO DORADO",87.301
17,2019,"CORVINA",7.418
17,2019,"CULENGUE",450.647
17,2019,"ERIZO",755.311
17,2019,"JAIBA MARMOLA",76.125
17,2019,"JAIBA PANCHOTE O CANGREJO",6.37
17,2019,"JAIBA PELUDA O PACHONA",8.586
17,2019,"JAIBA REMADORA",0.154
17,2019,"LISA",0.202
17,2019,"LUGA NEGRA O CRESPA",74.37
17,2019,"NAVAJUELA",1.82
17,2019,"OSTRA CHILENA",1.579
17,2019,"PEJEGALLO",0.12
17,2019,"PEJERREY DE MAR",45.932
17,2019,"PELILLO",0.5
17,2019,"PEPINO DE MAR",2.379
17,2019,"PICOROCO",231.272
17,2019,"PIURE",1770.136
17,2019,"PULPO DEL SUR",4.865
17,2019,"REINETA",373.265
17,2019,"ROBALO",33.857
17,2019,"ROLLIZO",0.601
17,2019,"SIERRA",0.119
17,2019,"TOLLO",0.827
17,2019,"TUMBAO",6.119
17,2020,"ALMEJA",1433.848
17,2020,"CANGREJO DORADO DE J. FERNANDEZ",0.1
17,2020,"CARACOL PALO PALO",22.734
17,2020,"CARACOL PICUYO",0.253
17,2020,"CHOLGA",3.943
17,2020,"CHORITO",46.262
17,2020,"CHORO",6.82
17,2020,"CONGRIO COLORADO",0.857
17,2020,"CONGRIO DORADO",41.213
17,2020,"CORVINA",10.959
17,2020,"CULENGUE",94.778
17,2020,"ERIZO",662.963
17,2020,"JAIBA MARMOLA",62.602
17,2020,"JAIBA MORA",1.5
17,2020,"JAIBA PANCHOTE O CANGREJO",10.619
17,2020,"JAIBA PELUDA O PACHONA",14.294
17,2020,"JAIBA REMADORA",7.628
17,2020,"LAPA NEGRA",0.063
17,2020,"LUGA NEGRA O CRESPA",55.98
17,2020,"NAVAJUELA",0.15
17,2020,"OSTRA CHILENA",2.357
17,2020,"PEJEGALLO",0.68
17,2020,"PEJERREY DE MAR",63.284
17,2020,"PEPINO DE MAR",0.324
17,2020,"PICOROCO",190.046
17,2020,"PIURE",1303.658
17,2020,"PULPO DEL SUR",0.2
17,2020,"RAYA ESPINOSA",0.217
17,2020,"RAYA VOLANTIN",10.198
17,2020,"REINETA",620.291
17,2020,"ROBALO",28.357
17,2020,"ROLLIZO",0.106
17,2020,"SIERRA",0.25
17,2020,"TOLLO",1.006
17,2020,"TUMBAO",11.827
17,2021,"ALMEJA",1482.45
17,2021,"CARACOL PALO PALO",6.844
17,2021,"CHORITO",6.24
17,2021,"CHORO",0.1
17,2021,"COCHAYUYO",0.8
17,2021,"CONGRIO DORADO",34.501
17,2021,"CORVINA",7.828
17,2021,"CULENGUE",29.21
17,2021,"ERIZO",313.912
17,2021,"JAIBA MARMOLA",52.902
17,2021,"JAIBA PANCHOTE O CANGREJO",4.41
17,2021,"JAIBA PELUDA O PACHONA",9.43
17,2021,"JAIBA REMADORA",3.365
17,2021,"LISA",0.032
17,2021,"LUGA CUCHARA O CORTA",4.14
17,2021,"LUGA NEGRA O CRESPA",25.06
17,2021,"NAVAJUELA",0.975
17,2021,"OSTRA CHILENA",0.85
17,2021,"PEJEGALLO",0.54
17,2021,"PEJERREY DE MAR",53.559
17,2021,"PELILLO",2.3
17,2021,"PICOROCO",195.907
17,2021,"PIURE",1310.346
17,2021,"PULPO DEL SUR",0.157
17,2021,"REINETA",1062.344
17,2021,"ROBALO",28.292
17,2021,"SIERRA",0.42
17,2021,"TOLLO",2.315
17,2021,"TUMBAO",7.578
18,2017,"ALMEJA",6.187
18,2017,"BACALAO DE PROFUNDIDAD",28.503
18,2017,"CENTOLLA",89.915
18,2017,"CENTOLLON",0.05
18,2017,"CHANCHARRO",0.04
18,2017,"CHOLGA",22.885
18,2017,"CHORITO",1.815
18,2017,"CONGRIO DORADO",127.735
18,2017,"ERIZO",8018.671
18,2017,"JAIBA MARMOLA",2.219
18,2017,"LOCO",1.8
18,2017,"LUGA-ROJA",2721.757
18,2017,"MERLUZA DEL SUR O AUSTRAL",17.218
18,2017,"OSTION DEL SUR",80.158
18,2017,"PEJERREY DE MAR",0.971
18,2017,"ROBALO",4.912
18,2018,"ALMEJA",8.6
18,2018,"BACALAO DE PROFUNDIDAD",10.405
18,2018,"CENTOLLA",87.594
18,2018,"CENTOLLON",0.015
18,2018,"CHANCHARRO",0.1
18,2018,"CHOLGA",15.71
18,2018,"CHORITO",0.5
18,2018,"CONGRIO DORADO",47.467
18,2018,"ERIZO",7407.181
18,2018,"JAIBA MARMOLA",0.075
18,2018,"LUGA-ROJA",2875.533
18,2018,"MERLUZA DEL SUR O AUSTRAL",12.961
18,2018,"OSTION DEL SUR",89.929
18,2018,"PEJERREY DE MAR",0.935
18,2018,"ROBALO",2.822
18,2019,"ALMEJA",9.555
18,2019,"BACALAO DE PROFUNDIDAD",92.834
18,2019,"CENTOLLA",89.886
18,2019,"CENTOLLON",0.022
18,2019,"CHANCHARRO",0.094
18,2019,"CHOLGA",17.8
18,2019,"CHORITO",0.32
18,2019,"COJINOBA MOTEADA",0.023
18,2019,"CONGRIO DORADO",35.82
18,2019,"ERIZO",6987.364
18,2019,"JAIBA MARMOLA",0.11
18,2019,"LUGA-ROJA",2224.82
18,2019,"MERLUZA DEL SUR O AUSTRAL",8.869
18,2019,"OSTION DEL SUR",117.337
18,2019,"PEJERREY DE MAR",0.725
18,2019,"PULPO DEL SUR",0.02
18,2019,"ROBALO",1.768
18,2019,"SIERRA",0.006
18,2020,"ALMEJA",11.114
18,2020,"BACALAO DE PROFUNDIDAD",27.829
18,2020,"CENTOLLA",53.184
18,2020,"CHOLGA",29.935
18,2020,"CHORITO",3.3
18,2020,"COJINOBA DEL SUR O AZUL",0.058
18,2020,"CONGRIO DORADO",8.87
18,2020,"ERIZO",7692.752
18,2020,"JAIBA MARMOLA",0.02
18,2020,"JAIBA MORA",0.05
18,2020,"LUGA-ROJA",2138.494
18,2020,"MERLUZA DEL SUR O AUSTRAL",6.718
18,2020,"OSTION DEL SUR",149.85
18,2020,"PEJERREY DE MAR",0.04
18,2020,"ROBALO",0.967
18,2021,"ALMEJA",1.527
18,2021,"BACALAO DE PROFUNDIDAD",21.568
18,2021,"CENTOLLA",66.309
18,2021,"CHOLGA",5.097
18,2021,"CHORITO",0.35
18,2021,"CONGRIO DORADO",4.926
18,2021,"ERIZO",4770.645
18,2021,"LUGA-ROJA",1261.676
18,2021,"MERLUZA DEL SUR O AUSTRAL",1.891
18,2021,"OSTION DEL SUR",78.635
18,2021,"PEJERREY DE MAR",0.21
18,2021,"ROBALO",0.923
19,2017,"ALMEJA",0.937
19,2017,"CENTOLLA",392.155
19,2017,"CENTOLLON",256.725
19,2017,"CHOLGA",6.3
19,2017,"HUEPO O NAVAJA DE MAR",22.842
19,2017,"LUGA-ROJA",638.005
19,2017,"OSTION DEL SUR",36.388
19,2018,"ALMEJA",2.907
19,2018,"ANGUILA",2.382
19,2018,"BACALAO DE PROFUNDIDAD",14.39
19,2018,"CENTOLLA",309.347
19,2018,"CENTOLLON",133.657
19,2018,"CHOLGA",7.55
19,2018,"LUGA-ROJA",557.27
19,2018,"MERLUZA DEL SUR O AUSTRAL",0.063
19,2018,"OSTION DEL SUR",8.848
19,2019,"ALMEJA",0.983
19,2019,"CENTOLLA",411.894
19,2019,"CENTOLLON",69.341
19,2019,"CHOLGA",3.5
19,2019,"ERIZO",1.812
19,2019,"HUEPO O NAVAJA DE MAR",2.842
19,2019,"LUGA-ROJA",688.995
19,2019,"OSTION DEL SUR",5.414
19,2020,"ALMEJA",0.03
19,2020,"BACALAO DE PROFUNDIDAD",4.006
19,2020,"CENTOLLA",324.015
19,2020,"CENTOLLON",134.441
19,2020,"CONGRIO DORADO",2.309
19,2020,"ERIZO",132.654
19,2020,"LUGA-ROJA",399.656
19,2020,"OSTION DEL SUR",0.18
19,2021,"CENTOLLA",395.039
19,2021,"CENTOLLON",50.9
19,2021,"CONGRIO DORADO",19.877
19,2021,"ERIZO",72.126
19,2021,"LUGA-ROJA",331.35
21,2017,"ALMEJA",53.28
21,2017,"ANCHOVETA",2.525
21,2017,"BACALAO DE PROFUNDIDAD",159.636
21,2017,"BONITO",0.09
21,2017,"BROTULA",0.39
21,2017,"CABALLA",0.158
21,2017,"CABRILLA COMUN",0.015
21,2017,"CABRILLA ESPAÑOLA",0.015
21,2017,"CALAMAR",0.93
21,2017,"CENTOLLA",26.309
21,2017,"CENTOLLON",0.04
21,2017,"CHANCHARRO",1.553
21,2017,"CHOLGA",914.398
21,2017,"CHORITO",249.54
21,2017,"CHORO",12.12
21,2017,"COJINOBA DEL SUR O AZUL",0.12
21,2017,"CONGRIO COLORADO",0.594
21,2017,"CONGRIO DORADO",30.274
21,2017,"CORVINA",0.41
21,2017,"CULENGUE",3.86
21,2017,"HUEPO O NAVAJA DE MAR",14.45
21,2017,"JAIBA MARMOLA",0.49
21,2017,"JAIBA MORA",1.4
21,2017,"JIBIA O CALAMAR ROJO",0.15
21,2017,"JUREL",16.445
21,2017,"MERLUZA DEL SUR O AUSTRAL",644.605
21,2017,"PEJEGALLO",5.333
21,2017,"PEJERREY DE MAR",99.335
21,2017,"PIURE",0.54
21,2017,"PULPO DEL SUR",18.655
21,2017,"PUYE",0.047
21,2017,"REINETA",574.412
21,2017,"ROBALO",2.439
21,2017,"ROLLIZO",0.053
21,2017,"SARDINA AUSTRAL",26.91
21,2017,"SARDINA COMUN",3.485
21,2017,"SIERRA",50.19
21,2018,"ALMEJA",38.832
21,2018,"ANCHOVETA",4.5
21,2018,"ANGUILA",0.008
21,2018,"ANGUILA BABOSA",0.007
21,2018,"ATUN LANZON",0.063
21,2018,"BACALAO DE PROFUNDIDAD",162.192
21,2018,"BLANQUILLO",0.009
21,2018,"CABALLA",0.148
21,2018,"CABRILLA COMUN",0.173
21,2018,"CABRILLA ESPAÑOLA",0.014
21,2018,"CARACOL PALO PALO",2.1
21,2018,"CENTOLLA",22.974
21,2018,"CENTOLLON",0.008
21,2018,"CHANCHARRO",1.048
21,2018,"CHOLGA",602.337
21,2018,"CHORITO",41.557
21,2018,"CHORO",4.952
21,2018,"COJINOBA DEL SUR O AZUL",0.238
21,2018,"CONGRIO COLORADO",0.488
21,2018,"CONGRIO DORADO",40.247
21,2018,"CONGRIO NEGRO",0.129
21,2018,"CORVINA",1.21
21,2018,"CULENGUE",0.66
21,2018,"HUEPO O NAVAJA DE MAR",29.226
21,2018,"JAIBA LIMON",0.045
21,2018,"JAIBA MARMOLA",6.755
21,2018,"JAIBA MORA",0.015
21,2018,"JAIBA REINA",0.04
21,2018,"JIBIA O CALAMAR ROJO",0.015
21,2018,"JUREL",0.26
21,2018,"LENGUADO",0.027
21,2018,"LENGUADO DE OJOS CHICOS",0.025
21,2018,"MERLUZA DEL SUR O AUSTRAL",443.62
21,2018,"NAVAJUELA",3.25
21,2018,"PAMPANITO",0.019
21,2018,"PEJEGALLO",7.309
21,2018,"PEJERREY DE MAR",15.357
21,2018,"PICOROCO",0.1
21,2018,"PIURE",0.025
21,2018,"PULPO DEL SUR",9.312
21,2018,"PUYE",0.032
21,2018,"RAYA ESPINOSA",3.172
21,2018,"RAYA VOLANTIN",63.807
21,2018,"REINETA",777.515
21,2018,"ROBALO",1.381
21,2018,"ROLLIZO",0.551
21,2018,"SARDINA AUSTRAL",30.239
21,2018,"SARDINA COMUN",1.28
21,2018,"SIERRA",58.417
21,2018,"TOLLO",0.041
21,2018,"TUMBAO",1.93
21,2019,"ALMEJA",20.623
21,2019,"ANCHOVETA",4.31
21,2019,"BACALAO DE PROFUNDIDAD",218.154
21,2019,"BLANQUILLO",0.008
21,2019,"BROTULA",0.004
21,2019,"CABRILLA COMUN",0.04
21,2019,"CALAMAR",0.1
21,2019,"CENTOLLA",25.972
21,2019,"CENTOLLON",0.04
21,2019,"CHANCHARRO",0.076
21,2019,"CHOLGA",415.003
21,2019,"CHORITO",82.632
21,2019,"CHORO",5.65
21,2019,"COJINOBA DEL SUR O AZUL",0.049
21,2019,"CONGRIO COLORADO",1.928
21,2019,"CONGRIO DORADO",77.96
21,2019,"CONGRIO NEGRO",0.293
21,2019,"CORVINA",0.004
21,2019,"ERIZO",9.709
21,2019,"HUEPO O NAVAJA DE MAR",11.233
21,2019,"JAIBA MARMOLA",0.16
21,2019,"JIBIA O CALAMAR ROJO",1.208
21,2019,"JUREL",1
21,2019,"MERLUZA DEL SUR O AUSTRAL",527.132
21,2019,"PAMPANITO",0.006
21,2019,"PEJEGALLO",2.729
21,2019,"PEJERREY DE MAR",17.729
21,2019,"PULPO DEL SUR",2
21,2019,"PUYE",0.005
21,2019,"RAYA ESPINOSA",9.899
21,2019,"RAYA VOLANTIN",69.239
21,2019,"REINETA",334.874
21,2019,"ROBALO",0.113
21,2019,"ROLLIZO",0.04
21,2019,"SARDINA AUSTRAL",24.518
21,2019,"SARDINA COMUN",0.355
21,2019,"SIERRA",0.053
21,2019,"TOLLO",0.009
21,2020,"ALMEJA",5.08
21,2020,"ANCHOVETA",3
21,2020,"BACALAO DE PROFUNDIDAD",200.98
21,2020,"CENTOLLA",18.667
21,2020,"CHANCHARRO",0.01
21,2020,"CHOLGA",975.845
21,2020,"CHORITO",38.235
21,2020,"CHORO",1.05
21,2020,"CONGRIO COLORADO",5.872
21,2020,"CONGRIO DORADO",68.825
21,2020,"CORVINA",0.007
21,2020,"JAIBA MARMOLA",0.2
21,2020,"JUREL",0.06
21,2020,"MERLUZA DEL SUR O AUSTRAL",400.032
21,2020,"PAMPANITO",0.018
21,2020,"PEJEGALLO",2.469
21,2020,"PEJERREY DE MAR",166.751
21,2020,"PULPO DEL SUR",4.5
21,2020,"PUYE",0.024
21,2020,"RAYA ESPINOSA",8.692
21,2020,"RAYA VOLANTIN",45.974
21,2020,"REINETA",604.474
21,2020,"ROBALO",0.383
21,2020,"SARDINA AUSTRAL",7.1
21,2020,"SARDINA COMUN",0.02
21,2020,"SIERRA",1.24
21,2020,"TIBURON SARDINERO",0.15
21,2021,"ALMEJA",5.38
21,2021,"ANCHOVETA",33.133
21,2021,"BACALAO DE PROFUNDIDAD",144.283
21,2021,"BROTULA",0.013
21,2021,"CABRILLA COMUN",0.013
21,2021,"CENTOLLA",12.575
21,2021,"CHANCHARRO",0.823
21,2021,"CHOLGA",398.12
21,2021,"CHORITO",10.022
21,2021,"COJINOBA DEL SUR O AZUL",0.004
21,2021,"CONGRIO COLORADO",17.992
21,2021,"CONGRIO DORADO",59.411
21,2021,"CONGRIO NEGRO",0.013
21,2021,"CORVINA",0.004
21,2021,"JUREL",1.66
21,2021,"MERLUZA COMUN",0.01
21,2021,"MERLUZA DEL SUR O AUSTRAL",200.257
21,2021,"PAMPANITO",0.002
21,2021,"PEJEGALLO",0.704
21,2021,"PEJERREY DE MAR",130.914
21,2021,"PUYE",0.02
21,2021,"RAYA ESPINOSA",1.903
21,2021,"RAYA VOLANTIN",19.337
21,2021,"REINETA",603.669
21,2021,"ROBALO",0.42
21,2021,"ROLLIZO",0.023
21,2021,"SARDINA AUSTRAL",23.791
21,2021,"SARDINA COMUN",1.75
21,2021,"SIERRA",0.757
21,2021,"TOLLO",0.285
23,2017,"ALMEJA",0.011
23,2017,"BROTULA",0.075
23,2017,"CENTOLLA",213.942
23,2017,"CENTOLLON",97.88
23,2017,"CHANCHARRO",0.066
23,2017,"CHOLGA",28.413
23,2017,"CHORITO",8.65
23,2017,"CHORO",6.85
23,2017,"CONGRIO DORADO",21.563
23,2017,"ERIZO",3930.152
23,2017,"HUEPO O NAVAJA DE MAR",204.786
23,2017,"LUGA-ROJA",2953.841
23,2017,"MERLUZA DE COLA",0.04
23,2017,"MERLUZA DEL SUR O AUSTRAL",0.286
23,2017,"OSTION DEL SUR",149.366
23,2017,"PEJERREY DE MAR",1.496
23,2017,"ROBALO",1.353
23,2018,"ALMEJA",0.09
23,2018,"CENTOLLA",135.589
23,2018,"CENTOLLON",26.169
23,2018,"CHOLGA",172.24
23,2018,"CHORITO",87.298
23,2018,"CHORO",2.04
23,2018,"CONGRIO DORADO",37.962
23,2018,"CONGRIO PLATEADO",0.075
23,2018,"ERIZO",4513.499
23,2018,"HUEPO O NAVAJA DE MAR",21.7
23,2018,"LUGA-ROJA",3302.846
23,2018,"MERLUZA DE COLA",0.058
23,2018,"MERLUZA DEL SUR O AUSTRAL",4.399
23,2018,"OSTION DEL SUR",2.002
23,2018,"PEJERREY DE MAR",0.1
23,2018,"ROBALO",0.776
23,2019,"ANFELTIA",0.066
23,2019,"CENTOLLA",72.631
23,2019,"CENTOLLON",63.661
23,2019,"CHANCHARRO",0.254
23,2019,"CHOLGA",52.46
23,2019,"CHORITO",10.822
23,2019,"COJINOBA DEL SUR O AZUL",0.074
23,2019,"CONGRIO DORADO",10.523
23,2019,"ERIZO",4694.682
23,2019,"HUEPO O NAVAJA DE MAR",76.013
23,2019,"LUGA-ROJA",2364.346
23,2019,"MERLUZA DE COLA",0.318
23,2019,"MERLUZA DEL SUR O AUSTRAL",1.397
23,2019,"OSTION DEL SUR",62.36
23,2019,"PULPO DEL SUR",0.001
23,2019,"ROBALO",0.347
23,2020,"ALMEJA",0.4
23,2020,"CENTOLLA",69.335
23,2020,"CENTOLLON",0.905
23,2020,"CHANCHARRO",0.59
23,2020,"CHOLGA",24.399
23,2020,"CHORITO",5.65
23,2020,"CONGRIO DORADO",9.558
23,2020,"ERIZO",5935.611
23,2020,"LUGA-ROJA",1706.954
23,2020,"MERLUZA DE COLA",0.12
23,2020,"MERLUZA DEL SUR O AUSTRAL",0.901
23,2020,"OSTION DEL SUR",8.461
23,2020,"ROBALO",0.548
23,2021,"ALMEJA",3.5
23,2021,"CENTOLLA",37.503
23,2021,"CENTOLLON",1.257
23,2021,"CHANCHARRO",0.48
23,2021,"CHOLGA",3.7
23,2021,"CHORITO",1.8
23,2021,"CONGRIO COLORADO",0.07
23,2021,"CONGRIO DORADO",14.386
23,2021,"ERIZO",3006.257
23,2021,"LUGA-ROJA",732.594
23,2021,"MERLUZA DE COLA",0.274
23,2021,"MERLUZA DEL SUR O AUSTRAL",1.009
23,2021,"OSTION DEL SUR",4.183
23,2021,"PEJERREY DE MAR",0.6
23,2021,"ROBALO",0.36
24,2017,"CHORITO",3.9
24,2018,"ALMEJA",1.2
24,2019,"ALMEJA",3.4
24,2020,"ALMEJA",3.92
24,2020,"CHOLGA",35.674
24,2020,"CHORO",16.65
24,2021,"ALMEJA",1.9
24,2021,"CHOLGA",23.34
24,2021,"CHORITO",154.23
25,2017,"ALMEJA",0.332
25,2017,"CABRILLA ESPAÑOLA",0.026
25,2017,"CHANCHARRO",0.004
25,2017,"CULENGUE",0.33
25,2017,"ERIZO",0.384
25,2017,"JAIBA MORA",0.1
25,2017,"LAPA NEGRA",0.023
25,2017,"PICOROCO",0.018
25,2017,"PIURE",0.466
25,2017,"ROBALO",0.09
25,2017,"ROLLIZO",0.006
25,2017,"SIERRA",0.458
25,2018,"ALMEJA",0.144
25,2018,"CABRILLA COMUN",0.009
25,2018,"CHANCHARRO",0.021
25,2018,"LAPA NEGRA",0.022
25,2018,"LAPA REINA",0.015
25,2018,"PICOROCO",0.061
25,2018,"PIURE",0.256
25,2018,"SIERRA",0.71
25,2019,"ALMEJA",0.11
25,2019,"CABRILLA COMUN",0.009
25,2019,"CHANCHARRO",0.019
25,2019,"ERIZO",0.02
25,2019,"LAPA NEGRA",0.043
25,2019,"LAPA REINA",0.04
25,2019,"PICOROCO",0.082
25,2019,"PIURE",0.147
25,2019,"SIERRA",0.045
25,2020,"ALMEJA",0.05
25,2020,"COCHAYUYO",0.005
25,2020,"ERIZO",5.918
25,2020,"LAPA NEGRA",0.027
25,2020,"PICOROCO",0.022
25,2020,"PIURE",0.058
25,2021,"ALMEJA",0.02
25,2021,"ERIZO",0.076
25,2021,"PICOROCO",0.07
25,2021,"PIURE",0.078
25,2021,"ROBALO",0.013
25,2021,"SIERRA",0.335
26,2017,"ALMEJA",213.236
26,2017,"CENTOLLA",4.514
26,2017,"CHOLGA",0.009
26,2017,"CHORITO",0.05
26,2017,"CHORO",20.21
26,2017,"CULENGUE",11.018
26,2017,"ERIZO",1577.04
26,2017,"HUEPO O NAVAJA DE MAR",12.268
26,2017,"HUIRO",3152.923
26,2017,"JAIBA MARMOLA",80.633
26,2017,"LUGA-ROJA",637.699
26,2017,"LUGA NEGRA O CRESPA",1935.611
26,2017,"NAVAJUELA",0.023
26,2017,"PEJEGALLO",6.62
26,2017,"PULPO DEL SUR",29.467
26,2017,"ROBALO",0.318
26,2017,"ROLLIZO",0.04
26,2017,"SARDINA AUSTRAL",18
26,2017,"TUMBAO",0.698
26,2018,"ALMEJA",310.567
26,2018,"CENTOLLA",7.375
26,2018,"CHOLGA",0.925
26,2018,"CHORO",16.74
26,2018,"ERIZO",1354.903
26,2018,"HUEPO O NAVAJA DE MAR",30.074
26,2018,"HUIRO",3893.52
26,2018,"JAIBA MARMOLA",24.31
26,2018,"LUGA-ROJA",465.869
26,2018,"LUGA NEGRA O CRESPA",2219.289
26,2018,"NAVAJUELA",0.015
26,2018,"PEJEGALLO",3.615
26,2018,"PULPO DEL SUR",48.414
26,2018,"REINETA",3.05
26,2018,"ROBALO",0.04
26,2018,"SARDINA AUSTRAL",33.7
26,2018,"SARDINA COMUN",1.5
26,2019,"ALMEJA",195.789
26,2019,"ANCHOVETA",5.825
26,2019,"BACALADILLO O MOTE",0.221
26,2019,"CENTOLLA",11.284
26,2019,"CHOLGA",57.69
26,2019,"CHORO",139.68
26,2019,"COJINOBA DEL SUR O AZUL",0.71
26,2019,"ERIZO",1715.357
26,2019,"HUEPO O NAVAJA DE MAR",33.294
26,2019,"HUIRO",4394.006
26,2019,"JAIBA MARMOLA",15.138
26,2019,"LUGA-ROJA",847.684
26,2019,"LUGA NEGRA O CRESPA",1539.657
26,2019,"MERLUZA DEL SUR O AUSTRAL",3.182
26,2019,"NAVAJUELA",0.028
26,2019,"PEJEGALLO",6.85
26,2019,"PULPO DEL SUR",42.394
26,2019,"SARDINA AUSTRAL",364.137
26,2019,"SARDINA COMUN",23.468
26,2019,"SIERRA",1.3
26,2020,"ALMEJA",458.294
26,2020,"CENTOLLA",3.866
26,2020,"CHOLGA",66.162
26,2020,"CHORO",175.379
26,2020,"ERIZO",1048.251
26,2020,"HUEPO O NAVAJA DE MAR",8.296
26,2020,"HUIRO",5445.163
26,2020,"JAIBA MARMOLA",67.43
26,2020,"JAIBA REINA",3.108
26,2020,"LUGA-ROJA",410.758
26,2020,"LUGA NEGRA O CRESPA",1942.229
26,2020,"PEJEGALLO",1.4
26,2020,"PULPO DEL SUR",40.03
26,2020,"ROLLIZO",0.01
26,2020,"SARDINA AUSTRAL",48.46
26,2020,"SARDINA COMUN",3
26,2021,"ALMEJA",300.687
26,2021,"ANCHOVETA",0.058
26,2021,"BACALADILLO O MOTE",0.005
26,2021,"CENTOLLA",11.699
26,2021,"CHOLGA",28.36
26,2021,"CHORO",49.914
26,2021,"CONGRIO COLORADO",0.017
26,2021,"ERIZO",621.758
26,2021,"HUIRO",6301.95
26,2021,"JAIBA MARMOLA",94.627
26,2021,"JAIBA REINA",0.6
26,2021,"LANGOSTINO DE LOS CANALES",0.446
26,2021,"LUGA-ROJA",337.699
26,2021,"LUGA NEGRA O CRESPA",1283.853
26,2021,"MERLUZA DEL SUR O AUSTRAL",3
26,2021,"PULPO DEL SUR",36.653
26,2021,"ROBALO",0.866
26,2021,"SARDINA AUSTRAL",449.903
26,2021,"SARDINA COMUN",0.222
27,2017,"ALMEJA",7351.025
27,2017,"BACALAO DE PROFUNDIDAD",411.325
27,2017,"CARACOL TRUMULCO",3.24
27,2017,"CENTOLLA",37.91
27,2017,"CHOLGA",11.311
27,2017,"CHORITO",107.72
27,2017,"CHORO",62.28
27,2017,"CONGRIO COLORADO",0.049
27,2017,"CONGRIO DORADO",1.889
27,2017,"CORVINA",16.414
27,2017,"CULENGUE",37.61
27,2017,"ERIZO",4476.695
27,2017,"HUIRO",2.5
27,2017,"JAIBA MARMOLA",1493.105
27,2017,"LUGA-ROJA",5708.613
27,2017,"LUGA NEGRA O CRESPA",497.69
27,2017,"NAVAJUELA",0.195
27,2017,"OSTRA CHILENA",0.4
27,2017,"PEJEGALLO",5.518
27,2017,"PEJERREY DE MAR",0.065
27,2017,"PEPINO DE MAR",20.979
27,2017,"PULPO DEL SUR",152.648
27,2017,"PULPO ENANO",0.012
27,2017,"REINETA",9.366
27,2017,"ROBALO",0.552
27,2017,"SIERRA",6.39
27,2017,"TOLLO",0.669
27,2018,"ALMEJA",4990.906
27,2018,"BACALAO DE PROFUNDIDAD",295.87
27,2018,"CARACOL PALO PALO",111.84
27,2018,"CARACOL TRUMULCO",12.292
27,2018,"CENTOLLA",29.827
27,2018,"CHOLGA",5.275
27,2018,"CHORITO",57.765
27,2018,"CHORO",74
27,2018,"COCHAYUYO",0.06
27,2018,"CONGRIO COLORADO",0.03
27,2018,"CONGRIO NEGRO",0.1
27,2018,"CORVINA",26.149
27,2018,"CULENGUE",41.433
27,2018,"ERIZO",3986.272
27,2018,"JAIBA MARMOLA",2042.888
27,2018,"LUGA-ROJA",5147.732
27,2018,"LUGA NEGRA O CRESPA",1077.879
27,2018,"NAVAJUELA",0.62
27,2018,"PEJEGALLO",5.662
27,2018,"PEJERREY DE MAR",0.14
27,2018,"PEPINO DE MAR",153.47
27,2018,"PULPO DEL SUR",83.979
27,2018,"REINETA",12.548
27,2018,"ROBALO",0.084
27,2018,"SARDINA AUSTRAL",27.475
27,2018,"SARDINA COMUN",0.615
27,2018,"SIERRA",0.08
27,2018,"TOLLO",3.572
27,2019,"ALMEJA",5223.387
27,2019,"BACALAO DE PROFUNDIDAD",339.865
27,2019,"CARACOL PALO PALO",0.72
27,2019,"CARACOL TRUMULCO",10.2
27,2019,"CENTOLLA",120.158
27,2019,"CHOLGA",12.616
27,2019,"CHORITO",86.295
27,2019,"CHORO",208.439
27,2019,"CONGRIO COLORADO",0.2
27,2019,"CONGRIO DORADO",1.904
27,2019,"CORVINA",15.127
27,2019,"ERIZO",3669.333
27,2019,"HUIRO",14.8
27,2019,"JAIBA MARMOLA",1418.902
27,2019,"JIBIA O CALAMAR ROJO",0.552
27,2019,"LUGA-ROJA",5823.016
27,2019,"LUGA NEGRA O CRESPA",434.249
27,2019,"PEJEGALLO",1.851
27,2019,"PEJERREY DE MAR",0.12
27,2019,"PEPINO DE MAR",84.351
27,2019,"PULPO DEL SUR",141.633
27,2019,"REINETA",28.4
27,2019,"ROBALO",1.111
27,2019,"ROLLIZO",0.038
27,2019,"SIERRA",0.15
27,2019,"TOLLO",1.417
27,2020,"ALMEJA",5068.593
27,2020,"ANCHOVETA",0.007
27,2020,"BACALADILLO O MOTE",0.003
27,2020,"BACALAO DE PROFUNDIDAD",54.304
27,2020,"BLANQUILLO",0.031
27,2020,"CARACOL PALO PALO",0.025
27,2020,"CARACOL TRUMULCO",2.17
27,2020,"CENTOLLA",9.212
27,2020,"CHOLGA",19.938
27,2020,"CHORITO",7.003
27,2020,"CHORO",69.861
27,2020,"COCHAYUYO",8.5
27,2020,"CONGRIO COLORADO",0.015
27,2020,"CORVINA",1.18
27,2020,"ERIZO",5813.191
27,2020,"JAIBA MARMOLA",1092.803
27,2020,"JAIBA MORA",3.411
27,2020,"JIBIA O CALAMAR ROJO",1
27,2020,"LUGA-ROJA",5136.669
27,2020,"LUGA NEGRA O CRESPA",1889.708
27,2020,"PEJERREY DE MAR",0.025
27,2020,"PIURE",1.9
27,2020,"PULPO DEL SUR",52.42
27,2020,"REINETA",23.523
27,2020,"ROBALO",0.092
27,2020,"ROLLIZO",0.152
27,2020,"SARDINA AUSTRAL",0.025
27,2020,"SARDINA COMUN",0.015
27,2020,"SIERRA",0.038
27,2021,"ALMEJA",4463.467
27,2021,"BACALAO DE PROFUNDIDAD",247.478
27,2021,"BLANQUILLO",0.032
27,2021,"CARACOL TRUMULCO",6.028
27,2021,"CENTOLLA",10.719
27,2021,"CHOLGA",0.87
27,2021,"CHORITO",47.93
27,2021,"CHORO",82.449
27,2021,"CORVINA",1.47
27,2021,"ERIZO",4006.813
27,2021,"JAIBA MARMOLA",933.73
27,2021,"JAIBA MORA",2
27,2021,"LUGA-ROJA",4651.337
27,2021,"LUGA NEGRA O CRESPA",1144.066
27,2021,"NAVAJUELA",4.5
27,2021,"OSTRA CHILENA",1.382
27,2021,"PEJERREY DE MAR",0.373
27,2021,"PULPO DEL SUR",142.214
27,2021,"REINETA",31.146
27,2021,"ROBALO",1.032
27,2021,"ROLLIZO",0.091
27,2021,"SARDINA AUSTRAL",2.813
27,2021,"SIERRA",1.068
28,2017,"ALMEJA",261.561
28,2017,"CABRILLA COMUN",0.006
28,2017,"CENTOLLA",2.879
28,2017,"CENTOLLON",0.015
28,2017,"CHOLGA",464.554
28,2017,"CHORO",81.93
28,2017,"CONGRIO COLORADO",0.007
28,2017,"CONGRIO DORADO",0.382
28,2017,"CONGRIO NEGRO",0.03
28,2017,"CULENGUE",178.796
28,2017,"ERIZO",213.946
28,2017,"HUEPO O NAVAJA DE MAR",0.7
28,2017,"JAIBA MARMOLA",8.767
28,2017,"JULIANA O TAWERA",65.031
28,2017,"LUGA-ROJA",20.765
28,2017,"LUGA NEGRA O CRESPA",47
28,2017,"MERLUZA DEL SUR O AUSTRAL",175.407
28,2017,"NAVAJUELA",39.836
28,2017,"PEJEGALLO",5.038
28,2017,"PEJERREY DE MAR",0.112
28,2017,"PELILLO",4.9
28,2017,"PULPO DEL SUR",4.594
28,2017,"ROBALO",0.024
28,2017,"ROLLIZO",0.14
28,2017,"SIERRA",0.006
28,2017,"TUMBAO",72.159
28,2018,"ALMEJA",344.624
28,2018,"CABRILLA COMUN",0.016
28,2018,"CARACOL PALO PALO",3.038
28,2018,"CENTOLLA",4.597
28,2018,"CHANCHARRO",0.239
28,2018,"CHOLGA",591.863
28,2018,"CHORITO",0.547
28,2018,"CHORO",164.04
28,2018,"COCHAYUYO",0.018
28,2018,"CONGRIO COLORADO",1.641
28,2018,"CONGRIO DORADO",2.039
28,2018,"CONGRIO NEGRO",0.011
28,2018,"CORVINA",0.14
28,2018,"CULENGUE",130.67
28,2018,"ERIZO",204.811
28,2018,"HUEPO O NAVAJA DE MAR",25.69
28,2018,"JAIBA MARMOLA",13.126
28,2018,"JULIANA O TAWERA",175.135
28,2018,"LUCHE",0.255
28,2018,"LUGA-ROJA",21.209
28,2018,"LUGA NEGRA O CRESPA",188.19
28,2018,"MERLUZA DEL SUR O AUSTRAL",201.108
28,2018,"NAVAJUELA",98.51
28,2018,"PEJEGALLO",26.963
28,2018,"PEJERREY DE MAR",0.042
28,2018,"PULPO DEL SUR",14.992
28,2018,"RAYA VOLANTIN",0.482
28,2018,"ROBALO",0.433
28,2018,"ROLLIZO",4.691
28,2018,"SARDINA AUSTRAL",2
28,2018,"TUMBAO",110.65
28,2019,"ALMEJA",461.408
28,2019,"CENTOLLA",2.776
28,2019,"CENTOLLON",0.02
28,2019,"CHANCHARRO",0.261
28,2019,"CHOLGA",1086.265
28,2019,"CHORO",101.58
28,2019,"CONGRIO COLORADO",1.324
28,2019,"CONGRIO DORADO",0.632
28,2019,"CONGRIO NEGRO",0.27
28,2019,"CORVINA",1.129
28,2019,"CULENGUE",147.884
28,2019,"ERIZO",330.106
28,2019,"HUEPO O NAVAJA DE MAR",36.405
28,2019,"JAIBA MARMOLA",11.15
28,2019,"JULIANA O TAWERA",300.104
28,2019,"LUCHE",0.06
28,2019,"LUGA-ROJA",198.081
28,2019,"LUGA NEGRA O CRESPA",0.2
28,2019,"MERLUZA DEL SUR O AUSTRAL",324.621
28,2019,"NAVAJUELA",37.179
28,2019,"PEJEGALLO",14.086
28,2019,"PEJERREY DE MAR",0.523
28,2019,"PULPO DEL SUR",25.838
28,2019,"RAYA ESPINOSA",0.145
28,2019,"RAYA VOLANTIN",10.229
28,2019,"ROBALO",0.069
28,2019,"ROLLIZO",1.835
28,2019,"SARDINA AUSTRAL",3
28,2019,"SIERRA",0.095
28,2019,"TOLLO",0.061
28,2019,"TUMBAO",127.914
28,2020,"ALMEJA",137.745
28,2020,"ATUN LANZON",0.025
28,2020,"CENTOLLA",2.117
28,2020,"CHANCHARRO",3.96
28,2020,"CHOLGA",1024.761
28,2020,"CHORITO",14.25
28,2020,"CHORO",176.398
28,2020,"CONGRIO COLORADO",4.23
28,2020,"CONGRIO DORADO",1.386
28,2020,"CORVINA",0.493
28,2020,"CULENGUE",33.349
28,2020,"ERIZO",353.199
28,2020,"JAIBA MARMOLA",0.1
28,2020,"JULIANA O TAWERA",158.57
28,2020,"LUGA-ROJA",67.476
28,2020,"MERLUZA DE COLA",0.01
28,2020,"MERLUZA DEL SUR O AUSTRAL",398.276
28,2020,"NAVAJUELA",2.84
28,2020,"PEJEGALLO",12.261
28,2020,"PEJERREY DE MAR",4.458
28,2020,"PULPO DEL SUR",34.977
28,2020,"RAYA ESPINOSA",1.61
28,2020,"ROBALO",0.925
28,2020,"ROLLIZO",4.199
28,2020,"SIERRA",0.165
28,2020,"TOLLO",0.101
28,2020,"TUMBAO",31.385
28,2021,"ALMEJA",144.205
28,2021,"CENTOLLA",3.894
28,2021,"CENTOLLON",0.005
28,2021,"CHANCHARRO",0.828
28,2021,"CHOLGA",362.167
28,2021,"CHORO",134.482
28,2021,"CONGRIO COLORADO",2.855
28,2021,"CONGRIO DORADO",0.43
28,2021,"CONGRIO NEGRO",0.143
28,2021,"CORVINA",0.259
28,2021,"CULENGUE",5.05
28,2021,"ERIZO",146.576
28,2021,"JAIBA MARMOLA",0.355
28,2021,"JULIANA O TAWERA",28.322
28,2021,"LUGA-ROJA",20.179
28,2021,"MERLUZA COMUN",0.005
28,2021,"MERLUZA DEL SUR O AUSTRAL",227.958
28,2021,"NAVAJUELA",17.783
28,2021,"OSTRA CHILENA",1.973
28,2021,"PEJEGALLO",8.872
28,2021,"PEJERREY DE MAR",5.127
28,2021,"PULPO DEL SUR",71.523
28,2021,"ROBALO",0.564
28,2021,"ROLLIZO",2.102
28,2021,"SIERRA",0.172
28,2021,"TOLLO",0.055
28,2021,"TUMBAO",7.31
29,2017,"ALMEJA",3.25
29,2017,"CABRILLA COMUN",0.02
29,2017,"CENTOLLA",2.05
29,2017,"CONGRIO DORADO",0.339
29,2017,"ERIZO",10.25
29,2017,"HUIRO",32.483
29,2017,"JAIBA MARMOLA",1.993
29,2017,"LUGA-ROJA",23.3
29,2017,"LUGA NEGRA O CRESPA",52.41
29,2017,"MERLUZA DEL SUR O AUSTRAL",18.873
29,2017,"ROBALO",0.01
29,2018,"ALMEJA",42.965
29,2018,"BROTULA",0.039
29,2018,"CENTOLLA",0.02
29,2018,"CHOLGA",0.03
29,2018,"CHORO",0.04
29,2018,"CONGRIO DORADO",5.278
29,2018,"ERIZO",26.009
29,2018,"HUIRO",10.2
29,2018,"LUGA NEGRA O CRESPA",24.5
29,2018,"MERLUZA DEL SUR O AUSTRAL",21.34
29,2018,"OSTRA CHILENA",0.03
29,2018,"PEJEGALLO",0.4
29,2018,"PEJERREY DE MAR",0.2
29,2018,"PULPO DEL SUR",0.45
29,2018,"ROBALO",0.64
29,2018,"SIERRA",0.35
29,2019,"ALMEJA",25.95
29,2019,"CENTOLLA",0.421
29,2019,"CONGRIO DORADO",6.507
29,2019,"ERIZO",89.073
29,2019,"LUGA NEGRA O CRESPA",5
29,2019,"MERLUZA DEL SUR O AUSTRAL",36.095
29,2019,"PULPO DEL SUR",1.85
29,2020,"CHOLGA",0.717
29,2020,"CONGRIO COLORADO",0.045
29,2020,"CONGRIO DORADO",3.174
29,2020,"ERIZO",26.551
29,2020,"JULIANA O TAWERA",1.8
29,2020,"LUGA NEGRA O CRESPA",3
29,2020,"MERLUZA DEL SUR O AUSTRAL",11.423
29,2020,"PEJEGALLO",0.95
29,2020,"PULPO DEL SUR",0.28
29,2020,"ROBALO",0.078
29,2020,"ROLLIZO",0.035
29,2021,"ALMEJA",0.1
29,2021,"CENTOLLA",2.243
29,2021,"CHOLGA",0.1
29,2021,"CONGRIO DORADO",2.179
29,2021,"ERIZO",13.197
29,2021,"LUGA-ROJA",3
29,2021,"MERLUZA DEL SUR O AUSTRAL",19.475
29,2021,"PEJEGALLO",0.66
29,2021,"PEJERREY DE MAR",0.025
29,2021,"PULPO DEL SUR",0.131
29,2021,"RAYA ESPINOSA",0.04
29,2021,"ROBALO",0.141
29,2021,"SIERRA",0.15
30,2017,"CHOLGA",1.8
31,2017,"ALMEJA",2
31,2017,"CENTOLLA",25.322
31,2017,"CENTOLLON",0.637
31,2017,"CHOLGA",4
31,2017,"CONGRIO DORADO",6.427
31,2017,"ERIZO",0.36
31,2017,"LUGA-ROJA",44.397
31,2017,"PEJERREY DE MAR",1.61
31,2017,"ROBALO",2.75
31,2018,"ALMEJA",1.6
31,2018,"CENTOLLA",10.921
31,2018,"CENTOLLON",0.831
31,2018,"CHOLGA",4
31,2018,"COJINOBA DEL SUR O AZUL",0.004
31,2018,"CONGRIO DORADO",5.381
31,2018,"ERIZO",23.558
31,2018,"LUGA-ROJA",3.744
31,2018,"MERLUZA DEL SUR O AUSTRAL",7.97
31,2018,"ROBALO",0.05
31,2019,"CENTOLLA",43.168
31,2019,"CENTOLLON",21.817
31,2019,"CHOLGA",0.8
31,2019,"ERIZO",8.2
31,2020,"CENTOLLA",45.162
31,2020,"CENTOLLON",1
31,2020,"ERIZO",21.563
31,2020,"LUGA-ROJA",5.334
31,2020,"ROBALO",0.3
31,2021,"CENTOLLA",37.817
31,2021,"CENTOLLON",5.145
31,2021,"ROBALO",0.1
33,2017,"ALMEJA",0.03
33,2017,"BONITO",1.85
33,2017,"CABRILLA ESPAÑOLA",0.002
33,2017,"CHORO",0.13
33,2017,"COCHAYUYO",103.653
33,2017,"COJINOBA DEL SUR O AZUL",0.64
33,2017,"CONGRIO COLORADO",0.62
33,2017,"CORVINA",6.583
33,2017,"ERIZO",6.648
33,2017,"HUIRO NEGRO O CHASCON",40.265
33,2017,"HUIRO PALO",0.1
33,2017,"JAIBA MORA",0.045
33,2017,"JAIBA PELUDA O PACHONA",0.003
33,2017,"LAPA ROSADA",0.03
33,2017,"LUGA NEGRA O CRESPA",0.3
33,2017,"PEJEGALLO",0.795
33,2017,"PIURE",0.583
33,2017,"REINETA",3.6
33,2017,"ROBALO",0.015
33,2017,"SIERRA",237.118
33,2018,"BLANQUILLO",0.01
33,2018,"CABRILLA COMUN",0.015
33,2018,"CHANCHARRO",0.339
33,2018,"CHORITO",0.01
33,2018,"CHORO",0.2
33,2018,"COCHAYUYO",161.45
33,2018,"CONGRIO COLORADO",0.095
33,2018,"CORVINA",1.354
33,2018,"ERIZO",12.871
33,2018,"HUIRO NEGRO O CHASCON",0.57
33,2018,"JAIBA MORA",0.021
33,2018,"JAIBA PACO",0.1
33,2018,"JAIBA REMADORA",0.05
33,2018,"JIBIA O CALAMAR ROJO",0.75
33,2018,"LAPA NEGRA",1.467
33,2018,"LAPA ROSADA",0.088
33,2018,"LUGA NEGRA O CRESPA",18.63
33,2018,"PEJEGALLO",0.021
33,2018,"PICOROCO",0.109
33,2018,"PIURE",1.658
33,2018,"PULPO ENANO",0.01
33,2018,"RAYA VOLANTIN",7.565
33,2018,"SIERRA",20.283
33,2019,"BLANQUILLO",0.04
33,2019,"CABRILLA COMUN",0.042
33,2019,"CABRILLA ESPAÑOLA",0.01
33,2019,"CHANCHARRO",0.265
33,2019,"CHORO",0.2
33,2019,"COCHAYUYO",73.94
33,2019,"CONGRIO COLORADO",0.815
33,2019,"CORVINA",0.458
33,2019,"ERIZO",12.96
33,2019,"JAIBA MARMOLA",0.13
33,2019,"JAIBA MORA",0.05
33,2019,"JAIBA PACO",0.36
33,2019,"JAIBA REINA",0.012
33,2019,"JAIBA REMADORA",0.045
33,2019,"LAPA NEGRA",1.825
33,2019,"LAPA ROSADA",0.285
33,2019,"PEJEGALLO",0.132
33,2019,"PEJERREY DE MAR",0.036
33,2019,"PIURE",5.38
33,2019,"RAYA VOLANTIN",27.267
33,2019,"ROLLIZO",0.008
33,2019,"SIERRA",5.62
33,2019,"VIEJA O MULATA",0.01
33,2020,"BROTULA",0.01
33,2020,"CABRILLA COMUN",0.02
33,2020,"CABRILLA ESPAÑOLA",0.028
33,2020,"CHANCHARRO",0.394
33,2020,"COCHAYUYO",19.824
33,2020,"CONGRIO COLORADO",1.087
33,2020,"ERIZO",58.473
33,2020,"JAIBA MORA",0.13
33,2020,"JAIBA PACO",0.5
33,2020,"JAIBA PELUDA O PACHONA",0.003
33,2020,"JAIBA REINA",0.004
33,2020,"JAIBA REMADORA",0.236
33,2020,"LAPA NEGRA",0.98
33,2020,"LENGUADO",0.003
33,2020,"PEJEGALLO",0.109
33,2020,"PICOROCO",0.015
33,2020,"PIURE",1.44
33,2020,"PULPO ENANO",0.002
33,2020,"RAYA ESPINOSA",0.124
33,2020,"RAYA VOLANTIN",78.39
33,2020,"REINETA",3.5
33,2020,"ROLLIZO",0.149
33,2020,"SIERRA",3.216
33,2021,"CHANCHARRO",0.115
33,2021,"COCHAYUYO",8.2
33,2021,"CONGRIO COLORADO",0.154
33,2021,"CORVINA",0.108
33,2021,"ERIZO",93.004
33,2021,"HUIRO NEGRO O CHASCON",0.3
33,2021,"JAIBA PACO",0.27
33,2021,"JAIBA REINA",0.045
33,2021,"JAIBA REMADORA",0.07
33,2021,"LAPA NEGRA",0.555
33,2021,"LAPA ROSADA",0.3
33,2021,"LENGUADO",0.025
33,2021,"PEJEGALLO",0.072
33,2021,"PIURE",0.95
33,2021,"RAYA ESPINOSA",1.301
33,2021,"RAYA VOLANTIN",100.091
33,2021,"ROLLIZO",0.02
33,2021,"SIERRA",3.905
36,2017,"CONGRIO DORADO",10.887
36,2017,"LUGA-ROJA",130.665
36,2018,"CENTOLLA",0.017
36,2018,"COJINOBA DEL SUR O AZUL",0.644
36,2018,"CONGRIO DORADO",2.566
36,2018,"JAIBA MARMOLA",0.012
36,2018,"LUGA-ROJA",814.985
36,2018,"MERLUZA DEL SUR O AUSTRAL",2.575
36,2018,"REINETA",0.223
36,2019,"CENTOLLA",0.938
36,2019,"CONGRIO DORADO",2.129
36,2019,"LUGA-ROJA",1217.484
36,2019,"MERLUZA DEL SUR O AUSTRAL",0.056
36,2019,"REINETA",0.138
36,2020,"CENTOLLA",0.031
36,2020,"CONGRIO DORADO",0.047
36,2020,"JAIBA MARMOLA",0.047
36,2020,"MERLUZA DEL SUR O AUSTRAL",0.018
36,2020,"PEJERREY DE MAR",0.018
36,2020,"RAYA ESPINOSA",0.012
36,2020,"RAYA VOLANTIN",0.008
36,2020,"REINETA",0.006
36,2020,"ROBALO",0.055
36,2021,"LUGA-ROJA",211.288
