"rgn_id","Year","Spp","bbmsy"
1,2017,"ALMEJA",0.360872639
1,2017,"BACALAO DE PROFUNDIDAD",NA
1,2017,"CARACOL PALO PALO",NA
1,2017,"CARACOL PICUYO",NA
1,2017,"CARACOL TEGULA",NA
1,2017,"CENTOLLA",1
1,2017,"CHOLGA",NA
1,2017,"CHORITO",NA
1,2017,"CHORO",NA
1,2017,"CONGRIO COLORADO",NA
1,2017,"CONGRIO DORADO",NA
1,2017,"CONGRIO NEGRO",NA
1,2017,"CORVINA",NA
1,2017,"CULENGUE",NA
1,2017,"ERIZO",0.69
1,2017,"HUEPO O NAVAJA DE MAR",NA
1,2017,"HUIRO",NA
1,2017,"HUIRO PALO",NA
1,2017,"JAIBA MARMOLA",NA
1,2017,"JAIBA PANCHOTE O CANGREJO",NA
1,2017,"JAIBA PELUDA O PACHONA",NA
1,2017,"JAIBA REINA",NA
1,2017,"LAPA NEGRA",NA
1,2017,"LUGA-ROJA",NA
1,2017,"LUGA NEGRA O CRESPA",NA
1,2017,"MERLUZA DEL SUR O AUSTRAL",0.85
1,2017,"NAVAJUELA",NA
1,2017,"OSTRA CHILENA",NA
1,2017,"PEJEGALLO",NA
1,2017,"PEJERREY DE MAR",NA
1,2017,"PELILLO",NA
1,2017,"PEPINO DE MAR",NA
1,2017,"PICOROCO",NA
1,2017,"PIURE",NA
1,2017,"PULPO DEL SUR",NA
1,2017,"REINETA",1
1,2017,"ROBALO",NA
1,2017,"ROLLIZO",NA
1,2017,"SIERRA",NA
1,2017,"TAQUILLA",NA
1,2017,"TOLLO",NA
1,2017,"TUMBAO",NA
1,2018,"ALMEJA",0.360872639
1,2018,"BACALAO DE PROFUNDIDAD",NA
1,2018,"CABRILLA ESPAÑOLA",NA
1,2018,"CARACOL PALO PALO",NA
1,2018,"CARACOL PICUYO",NA
1,2018,"CENTOLLA",1
1,2018,"CHANCHARRO",NA
1,2018,"CHICOREA DE MAR",NA
1,2018,"CHOLGA",NA
1,2018,"CHORITO",NA
1,2018,"CHORO",NA
1,2018,"COCHAYUYO",NA
1,2018,"COJINOBA DEL SUR O AZUL",NA
1,2018,"CONGRIO COLORADO",NA
1,2018,"CONGRIO DORADO",NA
1,2018,"CONGRIO NEGRO",NA
1,2018,"CORVINA",NA
1,2018,"CULENGUE",NA
1,2018,"ERIZO",0.69
1,2018,"HUEPO O NAVAJA DE MAR",NA
1,2018,"HUIRO",NA
1,2018,"JAIBA MARMOLA",NA
1,2018,"JAIBA MORA",NA
1,2018,"JAIBA PANCHOTE O CANGREJO",NA
1,2018,"JAIBA PANCORA",NA
1,2018,"JAIBA PELUDA O PACHONA",NA
1,2018,"JAIBA REINA",NA
1,2018,"JAIBA REMADORA",NA
1,2018,"JUREL",NA
1,2018,"LAPA NEGRA",NA
1,2018,"LENGUADO",NA
1,2018,"LUCHE",NA
1,2018,"LUGA-ROJA",NA
1,2018,"LUGA NEGRA O CRESPA",NA
1,2018,"MERLUZA DEL SUR O AUSTRAL",0.85
1,2018,"NAVAJUELA",NA
1,2018,"OSTRA CHILENA",NA
1,2018,"PEJEGALLO",NA
1,2018,"PEJERREY DE MAR",NA
1,2018,"PELILLO",NA
1,2018,"PEPINO DE MAR",NA
1,2018,"PIURE",NA
1,2018,"PULPO DEL SUR",NA
1,2018,"RAYA ESPINOSA",NA
1,2018,"RAYA VOLANTIN",NA
1,2018,"REINETA",1
1,2018,"ROBALO",NA
1,2018,"ROLLIZO",NA
1,2018,"SIERRA",NA
1,2018,"TOLLO",NA
1,2018,"TUMBAO",NA
1,2019,"ALMEJA",0.360872639
1,2019,"BACALAO DE PROFUNDIDAD",NA
1,2019,"CARACOL PALO PALO",NA
1,2019,"CARACOL PICUYO",NA
1,2019,"CARACOL RUBIO",NA
1,2019,"CARACOL TEGULA",NA
1,2019,"CAROLA",NA
1,2019,"CENTOLLA",1
1,2019,"CHANCHARRO",NA
1,2019,"CHOLGA",NA
1,2019,"CHORITO",NA
1,2019,"CHORO",NA
1,2019,"COCHAYUYO",NA
1,2019,"COJINOBA DEL SUR O AZUL",NA
1,2019,"CONGRIO COLORADO",NA
1,2019,"CONGRIO DORADO",NA
1,2019,"CONGRIO NEGRO",NA
1,2019,"CORVINA",NA
1,2019,"CULENGUE",NA
1,2019,"ERIZO",0.69
1,2019,"HUEPO O NAVAJA DE MAR",NA
1,2019,"HUIRO",NA
1,2019,"JAIBA MARMOLA",NA
1,2019,"JAIBA MORA",NA
1,2019,"JAIBA PANCHOTE O CANGREJO",NA
1,2019,"JAIBA PELUDA O PACHONA",NA
1,2019,"JAIBA REINA",NA
1,2019,"JIBIA O CALAMAR ROJO",NA
1,2019,"LAPA NEGRA",NA
1,2019,"LUGA-ROJA",NA
1,2019,"LUGA NEGRA O CRESPA",NA
1,2019,"MERLUZA DEL SUR O AUSTRAL",0.85
1,2019,"NAVAJUELA",NA
1,2019,"OSTRA CHILENA",NA
1,2019,"PEJEGALLO",NA
1,2019,"PEJERREY DE MAR",NA
1,2019,"PEJESAPO",NA
1,2019,"PEPINO DE MAR",NA
1,2019,"PIURE",NA
1,2019,"PULPO DEL SUR",NA
1,2019,"RAYA ESPINOSA",NA
1,2019,"RAYA VOLANTIN",NA
1,2019,"REINETA",1
1,2019,"ROBALO",NA
1,2019,"ROLLIZO",NA
1,2019,"SIERRA",NA
1,2019,"TAQUILLA",NA
1,2019,"TIBURON FUME, GRIS O GATA DE MAR",NA
1,2019,"TOLLO",NA
1,2019,"TUMBAO",NA
1,2020,"ALMEJA",0.360872639
1,2020,"ANGUILA BABOSA",NA
1,2020,"ANGUILA COMUN",NA
1,2020,"CARACOL PALO PALO",NA
1,2020,"CAROLA",NA
1,2020,"CENTOLLA",1
1,2020,"CHANCHARRO",NA
1,2020,"CHICOREA DE MAR",NA
1,2020,"CHOLGA",NA
1,2020,"CHORITO",NA
1,2020,"CHORO",NA
1,2020,"COCHAYUYO",NA
1,2020,"CONGRIO COLORADO",NA
1,2020,"CONGRIO DORADO",NA
1,2020,"CONGRIO NEGRO",NA
1,2020,"CONGRIO PLATEADO",NA
1,2020,"CORVINA",NA
1,2020,"CULENGUE",NA
1,2020,"ERIZO",0.69
1,2020,"HUEPO O NAVAJA DE MAR",NA
1,2020,"JAIBA MARMOLA",NA
1,2020,"JAIBA MORA",NA
1,2020,"JAIBA PANCHOTE O CANGREJO",NA
1,2020,"JAIBA PELUDA O PACHONA",NA
1,2020,"JAIBA REINA",NA
1,2020,"JAIBA REMADORA",NA
1,2020,"LUGA-ROJA",NA
1,2020,"LUGA NEGRA O CRESPA",NA
1,2020,"MERLUZA DEL SUR O AUSTRAL",0.85
1,2020,"NAVAJUELA",NA
1,2020,"OSTRA CHILENA",NA
1,2020,"PEJEGALLO",NA
1,2020,"PEJERREY DE MAR",NA
1,2020,"PEPINO DE MAR",NA
1,2020,"PICOROCO",NA
1,2020,"PIURE",NA
1,2020,"PULPO DEL SUR",NA
1,2020,"RAYA ESPINOSA",NA
1,2020,"RAYA VOLANTIN",NA
1,2020,"REINETA",1
1,2020,"ROBALO",NA
1,2020,"ROLLIZO",NA
1,2020,"SIERRA",NA
1,2020,"TIBURON FUME, GRIS O GATA DE MAR",NA
1,2020,"TOLLO",NA
1,2020,"TUMBAO",NA
1,2021,"ALMEJA",0.360872639
1,2021,"ANGUILA BABOSA",NA
1,2021,"BACALAO DE PROFUNDIDAD",NA
1,2021,"CARACOL PALO PALO",NA
1,2021,"CARACOL PICUYO",NA
1,2021,"CAROLA",NA
1,2021,"CENTOLLA",1
1,2021,"CHANCHARRO",NA
1,2021,"CHOLGA",NA
1,2021,"CHORITO",NA
1,2021,"CHORO",NA
1,2021,"COCHAYUYO",NA
1,2021,"CONGRIO COLORADO",NA
1,2021,"CONGRIO DORADO",NA
1,2021,"CONGRIO NEGRO",NA
1,2021,"CONGRIO PLATEADO",NA
1,2021,"CORVINA",NA
1,2021,"ERIZO",0.69
1,2021,"HUEPO O NAVAJA DE MAR",NA
1,2021,"HUIRO",NA
1,2021,"JAIBA MARMOLA",NA
1,2021,"JAIBA MORA",NA
1,2021,"JAIBA PANCHOTE O CANGREJO",NA
1,2021,"JAIBA PELUDA O PACHONA",NA
1,2021,"JAIBA REINA",NA
1,2021,"JAIBA REMADORA",NA
1,2021,"LAPA BONETE",NA
1,2021,"LAPA NEGRA",NA
1,2021,"LUGA-ROJA",NA
1,2021,"LUGA NEGRA O CRESPA",NA
1,2021,"MERLUZA COMUN",NA
1,2021,"MERLUZA DEL SUR O AUSTRAL",0.85
1,2021,"NAVAJUELA",NA
1,2021,"OSTRA CHILENA",NA
1,2021,"PEJEGALLO",NA
1,2021,"PEJERREY DE MAR",NA
1,2021,"PICOROCO",NA
1,2021,"PIURE",NA
1,2021,"PULPO DEL SUR",NA
1,2021,"RAYA ESPINOSA",NA
1,2021,"RAYA VOLANTIN",NA
1,2021,"REINETA",1
1,2021,"ROBALO",NA
1,2021,"ROLLIZO",NA
1,2021,"SIERRA",NA
1,2021,"TIBURON FUME, GRIS O GATA DE MAR",NA
1,2021,"TOLLO",NA
1,2021,"TUMBAO",NA
2,2017,"ALMEJA",0.360872639
2,2017,"BROTULA",NA
2,2017,"CABRILLA COMUN",NA
2,2017,"CABRILLA ESPAÑOLA",NA
2,2017,"CARACOL LOCATE",NA
2,2017,"CARACOL PALO PALO",NA
2,2017,"CENTOLLA",1
2,2017,"CHANCHARRO",NA
2,2017,"CHOLGA",NA
2,2017,"CHORITO",NA
2,2017,"CHORO",NA
2,2017,"COJINOBA DEL SUR O AZUL",NA
2,2017,"CONGRIO COLORADO",NA
2,2017,"CONGRIO DORADO",NA
2,2017,"CONGRIO NEGRO",NA
2,2017,"CULENGUE",NA
2,2017,"ERIZO",0.69
2,2017,"JAIBA MARMOLA",NA
2,2017,"JAIBA REMADORA",NA
2,2017,"JUREL",NA
2,2017,"LAPA NEGRA",NA
2,2017,"LENGUADO",NA
2,2017,"LUCHE",NA
2,2017,"MERLUZA DEL SUR O AUSTRAL",0.85
2,2017,"PEJERREY DE MAR",NA
2,2017,"PULPO DEL SUR",NA
2,2017,"PUYE",NA
2,2017,"REINETA",1
2,2017,"ROBALO",NA
2,2017,"ROLLIZO",NA
2,2017,"SARDINA AUSTRAL",1
2,2017,"SIERRA",NA
2,2018,"ALMEJA",0.360872639
2,2018,"CARACOL LOCATE",NA
2,2018,"CARACOL PALO PALO",NA
2,2018,"CENTOLLA",1
2,2018,"CHOLGA",NA
2,2018,"CHORITO",NA
2,2018,"CHORO",NA
2,2018,"COJINOBA DEL SUR O AZUL",NA
2,2018,"CONGRIO DORADO",NA
2,2018,"CULENGUE",NA
2,2018,"ERIZO",0.69
2,2018,"JAIBA MARMOLA",NA
2,2018,"LAPA NEGRA",NA
2,2018,"LUCHE",NA
2,2018,"LUGA-ROJA",NA
2,2018,"MERLUZA DEL SUR O AUSTRAL",0.85
2,2018,"PEJERREY DE MAR",NA
2,2018,"RAYA ESPINOSA",NA
2,2018,"RAYA VOLANTIN",NA
2,2018,"REINETA",1
2,2018,"ROBALO",NA
2,2018,"ROLLIZO",NA
2,2018,"SARDINA AUSTRAL",1
2,2018,"TOLLO",NA
2,2019,"ALMEJA",0.360872639
2,2019,"BLANQUILLO",NA
2,2019,"CABRILLA ESPAÑOLA",NA
2,2019,"CARACOL PALO PALO",NA
2,2019,"CENTOLLA",1
2,2019,"CENTOLLON",NA
2,2019,"CHANCHARRO",NA
2,2019,"CHOLGA",NA
2,2019,"CHORITO",NA
2,2019,"CHORO",NA
2,2019,"CONGRIO COLORADO",NA
2,2019,"CONGRIO DORADO",NA
2,2019,"ERIZO",0.69
2,2019,"JAIBA MARMOLA",NA
2,2019,"LUGA-ROJA",NA
2,2019,"MERLUZA DEL SUR O AUSTRAL",0.85
2,2019,"PEJERREY DE MAR",NA
2,2019,"PULPO DEL SUR",NA
2,2019,"PUYE",NA
2,2019,"RAYA VOLANTIN",NA
2,2019,"ROBALO",NA
2,2019,"ROLLIZO",NA
2,2019,"SARDINA AUSTRAL",1
2,2020,"ALMEJA",0.360872639
2,2020,"CARACOL PALO PALO",NA
2,2020,"CENTOLLA",1
2,2020,"CHOLGA",NA
2,2020,"CHORITO",NA
2,2020,"CHORO",NA
2,2020,"CONGRIO DORADO",NA
2,2020,"CULENGUE",NA
2,2020,"ERIZO",0.69
2,2020,"JAIBA MARMOLA",NA
2,2020,"MERLUZA DEL SUR O AUSTRAL",0.85
2,2020,"PEJERREY DE MAR",NA
2,2020,"ROBALO",NA
2,2020,"ROLLIZO",NA
2,2020,"SARDINA AUSTRAL",1
2,2020,"SIERRA",NA
2,2021,"ALMEJA",0.360872639
2,2021,"ANCHOVETA",1
2,2021,"BLANQUILLO",NA
2,2021,"CENTOLLA",1
2,2021,"CHOLGA",NA
2,2021,"CHORITO",NA
2,2021,"CHORO",NA
2,2021,"CONGRIO COLORADO",NA
2,2021,"CONGRIO DORADO",NA
2,2021,"CULENGUE",NA
2,2021,"ERIZO",0.69
2,2021,"JAIBA MARMOLA",NA
2,2021,"JAIBA MORA",NA
2,2021,"LAPA NEGRA",NA
2,2021,"LUCHE",NA
2,2021,"MERLUZA DEL SUR O AUSTRAL",0.85
2,2021,"PEJERREY DE MAR",NA
2,2021,"ROBALO",NA
2,2021,"ROLLIZO",NA
2,2021,"SARDINA AUSTRAL",1
3,2017,"CENTOLLA",1
3,2017,"CENTOLLON",NA
3,2018,"CENTOLLA",1
3,2018,"CENTOLLON",NA
3,2019,"CENTOLLA",1
3,2019,"CENTOLLON",NA
3,2019,"ERIZO",0.69
3,2020,"CENTOLLA",1
3,2020,"CENTOLLON",NA
3,2021,"CENTOLLA",1
3,2021,"CENTOLLON",NA
3,2021,"CONGRIO DORADO",NA
4,2017,"ALMEJA",0.360872639
4,2017,"ANCHOVETA",1
4,2017,"BACALADILLO O MOTE",NA
4,2017,"BACALAO DE PROFUNDIDAD",NA
4,2017,"CABRILLA COMUN",NA
4,2017,"CALAMAR",NA
4,2017,"CARACOL PALO PALO",NA
4,2017,"CARACOL TEGULA",NA
4,2017,"CENTOLLA",1
4,2017,"CHANCHARRO",NA
4,2017,"CHOLGA",NA
4,2017,"CHORITO",NA
4,2017,"CHORO",NA
4,2017,"CONGRIO COLORADO",NA
4,2017,"CONGRIO DORADO",NA
4,2017,"CONGRIO NEGRO",NA
4,2017,"CORVINA",NA
4,2017,"CULENGUE",NA
4,2017,"ERIZO",0.69
4,2017,"HUEPO O NAVAJA DE MAR",NA
4,2017,"JAIBA MARMOLA",NA
4,2017,"JAIBA MORA",NA
4,2017,"JAIBA PANCORA",NA
4,2017,"JAIBA REINA",NA
4,2017,"JUREL",NA
4,2017,"LANGOSTINO DE LOS CANALES",NA
4,2017,"LANGOSTINO ENANO",NA
4,2017,"LUCHE",NA
4,2017,"LUGA-ROJA",NA
4,2017,"LUGA NEGRA O CRESPA",NA
4,2017,"MERLUZA COMUN",NA
4,2017,"MERLUZA DEL SUR O AUSTRAL",0.85
4,2017,"NAVAJUELA",NA
4,2017,"OSTRA CHILENA",NA
4,2017,"PAMPANITO",NA
4,2017,"PEJEGALLO",NA
4,2017,"PEJERREY DE MAR",NA
4,2017,"PELILLO",NA
4,2017,"PICOROCO",NA
4,2017,"PIURE",NA
4,2017,"PULPO DEL SUR",NA
4,2017,"PULPO ENANO",NA
4,2017,"REINETA",1
4,2017,"ROBALO",NA
4,2017,"ROLLIZO",NA
4,2017,"SARDINA AUSTRAL",1
4,2017,"SARDINA COMUN",NA
4,2017,"SIERRA",NA
4,2017,"TIBURON FUME, GRIS O GATA DE MAR",NA
4,2017,"TOLLO",NA
4,2017,"TUMBAO",NA
4,2018,"ALMEJA",0.360872639
4,2018,"ANCHOVETA",1
4,2018,"BACALADILLO O MOTE",NA
4,2018,"BACALAO DE PROFUNDIDAD",NA
4,2018,"CABRILLA COMUN",NA
4,2018,"CARACOL PALO PALO",NA
4,2018,"CENTOLLA",1
4,2018,"CHOLGA",NA
4,2018,"CHORITO",NA
4,2018,"CHORO",NA
4,2018,"COJINOBA DEL NORTE / PIAFRI",NA
4,2018,"CONGRIO COLORADO",NA
4,2018,"CONGRIO DORADO",NA
4,2018,"CONGRIO NEGRO",NA
4,2018,"CORVINA",NA
4,2018,"CULENGUE",NA
4,2018,"ERIZO",0.69
4,2018,"HUEPO O NAVAJA DE MAR",NA
4,2018,"JAIBA MARMOLA",NA
4,2018,"JAIBA MORA",NA
4,2018,"JAIBA PANCORA",NA
4,2018,"JULIANA O TAWERA",0.85
4,2018,"JUREL",NA
4,2018,"LANGOSTINO DE LOS CANALES",NA
4,2018,"LUGA-ROJA",NA
4,2018,"LUGA NEGRA O CRESPA",NA
4,2018,"MERLUZA DEL SUR O AUSTRAL",0.85
4,2018,"NAVAJUELA",NA
4,2018,"PAMPANITO",NA
4,2018,"PEJEGALLO",NA
4,2018,"PEJERREY DE MAR",NA
4,2018,"PEPINO DE MAR",NA
4,2018,"PICOROCO",NA
4,2018,"PIURE",NA
4,2018,"PULPO DEL SUR",NA
4,2018,"RAYA ESPINOSA",NA
4,2018,"RAYA VOLANTIN",NA
4,2018,"REINETA",1
4,2018,"ROBALO",NA
4,2018,"ROLLIZO",NA
4,2018,"SARDINA AUSTRAL",1
4,2018,"SARDINA COMUN",NA
4,2018,"SIERRA",NA
4,2018,"TIBURON FUME, GRIS O GATA DE MAR",NA
4,2018,"TOLLO",NA
4,2018,"TUMBAO",NA
4,2019,"ALMEJA",0.360872639
4,2019,"ANCHOVETA",1
4,2019,"BACALADILLO O MOTE",NA
4,2019,"BACALAO DE PROFUNDIDAD",NA
4,2019,"CALAMAR",NA
4,2019,"CARACOL RUBIO",NA
4,2019,"CENTOLLA",1
4,2019,"CHANCHARRO",NA
4,2019,"CHOLGA",NA
4,2019,"CHORITO",NA
4,2019,"CHORO",NA
4,2019,"COCHAYUYO",NA
4,2019,"CONGRIO COLORADO",NA
4,2019,"CONGRIO DORADO",NA
4,2019,"CONGRIO NEGRO",NA
4,2019,"CORVINA",NA
4,2019,"CULENGUE",NA
4,2019,"ERIZO",0.69
4,2019,"HUEPO O NAVAJA DE MAR",NA
4,2019,"JAIBA MARMOLA",NA
4,2019,"JUREL",NA
4,2019,"LANGOSTINO DE LOS CANALES",NA
4,2019,"LUGA-ROJA",NA
4,2019,"LUGA NEGRA O CRESPA",NA
4,2019,"MERLUZA DEL SUR O AUSTRAL",0.85
4,2019,"NAVAJUELA",NA
4,2019,"OSTRA CHILENA",NA
4,2019,"PAMPANITO",NA
4,2019,"PEJEGALLO",NA
4,2019,"PEJERREY DE MAR",NA
4,2019,"PEPINO DE MAR",NA
4,2019,"PICOROCO",NA
4,2019,"PIURE",NA
4,2019,"PULPO DEL NORTE",NA
4,2019,"PULPO DEL SUR",NA
4,2019,"RAYA ESPINOSA",NA
4,2019,"RAYA VOLANTIN",NA
4,2019,"REINETA",1
4,2019,"ROBALO",NA
4,2019,"ROLLIZO",NA
4,2019,"SARDINA AUSTRAL",1
4,2019,"SARDINA COMUN",NA
4,2019,"SIERRA",NA
4,2019,"TOLLO",NA
4,2019,"TUMBAO",NA
4,2020,"ALMEJA",0.360872639
4,2020,"ANCHOVETA",1
4,2020,"BACALADILLO O MOTE",NA
4,2020,"BACALAO DE PROFUNDIDAD",NA
4,2020,"CABRILLA COMUN",NA
4,2020,"CENTOLLA",1
4,2020,"CHANCHARRO",NA
4,2020,"CHOLGA",NA
4,2020,"CHORITO",NA
4,2020,"CHORO",NA
4,2020,"CONGRIO COLORADO",NA
4,2020,"CONGRIO DORADO",NA
4,2020,"CULENGUE",NA
4,2020,"ERIZO",0.69
4,2020,"HUEPO O NAVAJA DE MAR",NA
4,2020,"JAIBA MARMOLA",NA
4,2020,"JAIBA PANCORA",NA
4,2020,"JUREL",NA
4,2020,"LANGOSTINO DE LOS CANALES",NA
4,2020,"LUGA NEGRA O CRESPA",NA
4,2020,"MERLUZA COMUN",NA
4,2020,"MERLUZA DEL SUR O AUSTRAL",0.85
4,2020,"NAVAJUELA",NA
4,2020,"PEJEGALLO",NA
4,2020,"PEJERREY DE MAR",NA
4,2020,"PICOROCO",NA
4,2020,"PULPO DEL SUR",NA
4,2020,"RAYA ESPINOSA",NA
4,2020,"RAYA VOLANTIN",NA
4,2020,"REINETA",1
4,2020,"ROBALO",NA
4,2020,"ROLLIZO",NA
4,2020,"SARDINA AUSTRAL",1
4,2020,"SARDINA COMUN",NA
4,2020,"TOLLO",NA
4,2020,"TUMBAO",NA
4,2021,"ALMEJA",0.360872639
4,2021,"ANCHOVETA",1
4,2021,"BACALADILLO O MOTE",NA
4,2021,"BACALAO DE PROFUNDIDAD",NA
4,2021,"CABRILLA COMUN",NA
4,2021,"CALAMAR",NA
4,2021,"CENTOLLA",1
4,2021,"CHANCHARRO",NA
4,2021,"CHOLGA",NA
4,2021,"CHORITO",NA
4,2021,"CHORO",NA
4,2021,"CONGRIO COLORADO",NA
4,2021,"CONGRIO DORADO",NA
4,2021,"CULENGUE",NA
4,2021,"ERIZO",0.69
4,2021,"JAIBA LIMON",NA
4,2021,"JAIBA MARMOLA",NA
4,2021,"JAIBA PANCORA",NA
4,2021,"JUREL",NA
4,2021,"LANGOSTINO DE LOS CANALES",NA
4,2021,"LUGA NEGRA O CRESPA",NA
4,2021,"MERLUZA DE COLA",NA
4,2021,"MERLUZA DEL SUR O AUSTRAL",0.85
4,2021,"NAVAJUELA",NA
4,2021,"OSTRA CHILENA",NA
4,2021,"PAMPANITO",NA
4,2021,"PEJEGALLO",NA
4,2021,"PEJERREY DE MAR",NA
4,2021,"PICOROCO",NA
4,2021,"PIURE",NA
4,2021,"PULPO DEL SUR",NA
4,2021,"RAYA ESPINOSA",NA
4,2021,"RAYA VOLANTIN",NA
4,2021,"REINETA",1
4,2021,"ROBALO",NA
4,2021,"ROLLIZO",NA
4,2021,"SARDINA AUSTRAL",1
4,2021,"SARDINA COMUN",NA
4,2021,"TUMBAO",NA
5,2017,"ALMEJA",0.360872639
5,2017,"CARACOL PALO PALO",NA
5,2017,"CENTOLLA",1
5,2017,"CHOLGA",NA
5,2017,"CHORITO",NA
5,2017,"CHORO",NA
5,2017,"CONGRIO COLORADO",NA
5,2017,"CONGRIO DORADO",NA
5,2017,"CULENGUE",NA
5,2017,"ERIZO",0.69
5,2017,"HUIRO",NA
5,2017,"HUIRO NEGRO O CHASCON",NA
5,2017,"JAIBA MARMOLA",NA
5,2017,"LUGA-ROJA",NA
5,2017,"MERLUZA DEL SUR O AUSTRAL",0.85
5,2017,"PEJEGALLO",NA
5,2017,"PEJERREY DE MAR",NA
5,2017,"PULPO DEL SUR",NA
5,2017,"ROBALO",NA
5,2017,"SIERRA",NA
5,2017,"TUMBAO",NA
5,2018,"ALMEJA",0.360872639
5,2018,"CARACOL PALO PALO",NA
5,2018,"CENTOLLA",1
5,2018,"CHOLGA",NA
5,2018,"CHORITO",NA
5,2018,"CHORO",NA
5,2018,"CULENGUE",NA
5,2018,"ERIZO",0.69
5,2018,"HUEPO O NAVAJA DE MAR",NA
5,2018,"HUIRO",NA
5,2018,"JAIBA MARMOLA",NA
5,2018,"LUCHE",NA
5,2018,"LUGA NEGRA O CRESPA",NA
5,2018,"MERLUZA DEL SUR O AUSTRAL",0.85
5,2018,"NAVAJUELA",NA
5,2018,"PEJEGALLO",NA
5,2018,"PEJERREY DE MAR",NA
5,2018,"PELILLO",NA
5,2018,"PULPO DEL SUR",NA
5,2018,"ROBALO",NA
5,2018,"TUMBAO",NA
5,2019,"ALMEJA",0.360872639
5,2019,"CENTOLLA",1
5,2019,"CHOLGA",NA
5,2019,"CHORITO",NA
5,2019,"CHORO",NA
5,2019,"CULENGUE",NA
5,2019,"ERIZO",0.69
5,2019,"HUIRO",NA
5,2019,"JAIBA MARMOLA",NA
5,2019,"LUGA-ROJA",NA
5,2019,"MERLUZA DEL SUR O AUSTRAL",0.85
5,2019,"PEJEGALLO",NA
5,2019,"PEJERREY DE MAR",NA
5,2019,"PELILLO",NA
5,2019,"PULPO DEL SUR",NA
5,2019,"RAYA VOLANTIN",NA
5,2019,"ROBALO",NA
5,2020,"ALMEJA",0.360872639
5,2020,"ANCHOVETA",1
5,2020,"CENTOLLA",1
5,2020,"CHOLGA",NA
5,2020,"CHORITO",NA
5,2020,"CHORO",NA
5,2020,"CULENGUE",NA
5,2020,"ERIZO",0.69
5,2020,"HUIRO",NA
5,2020,"JAIBA MARMOLA",NA
5,2020,"LUGA-ROJA",NA
5,2020,"MERLUZA DEL SUR O AUSTRAL",0.85
5,2020,"PEJEGALLO",NA
5,2020,"PEJERREY DE MAR",NA
5,2020,"PULPO DEL SUR",NA
5,2020,"SARDINA AUSTRAL",1
5,2020,"SARDINA COMUN",NA
5,2021,"ALMEJA",0.360872639
5,2021,"CARACOL PALO PALO",NA
5,2021,"CENTOLLA",1
5,2021,"CHOLGA",NA
5,2021,"CHORITO",NA
5,2021,"CHORO",NA
5,2021,"ERIZO",0.69
5,2021,"HUIRO",NA
5,2021,"JAIBA MARMOLA",NA
5,2021,"MERLUZA DEL SUR O AUSTRAL",0.85
5,2021,"PEJEGALLO",NA
5,2021,"PEJERREY DE MAR",NA
5,2021,"PELILLO",NA
5,2021,"PICOROCO",NA
5,2021,"PULPO DEL SUR",NA
6,2017,"ALMEJA",0.360872639
6,2017,"CABRILLA ESPAÑOLA",NA
6,2017,"CARACOL PALO PALO",NA
6,2017,"CENTOLLA",1
6,2017,"CONGRIO COLORADO",NA
6,2017,"CONGRIO DORADO",NA
6,2017,"CULENGUE",NA
6,2017,"ERIZO",0.69
6,2017,"JULIANA O TAWERA",0.85
6,2017,"LAPA NEGRA",NA
6,2017,"LUGA-ROJA",NA
6,2017,"LUGA NEGRA O CRESPA",NA
6,2017,"MERLUZA DEL SUR O AUSTRAL",0.85
6,2017,"NAVAJUELA",NA
6,2017,"PEJERREY DE MAR",NA
6,2017,"PICOROCO",NA
6,2017,"REINETA",1
6,2017,"ROBALO",NA
6,2017,"ROLLIZO",NA
6,2017,"SIERRA",NA
6,2017,"TUMBAO",NA
6,2018,"ALMEJA",0.360872639
6,2018,"CABRILLA ESPAÑOLA",NA
6,2018,"CENTOLLON",NA
6,2018,"CHANCHARRO",NA
6,2018,"CHOLGA",NA
6,2018,"CHORITO",NA
6,2018,"CHORO",NA
6,2018,"CONGRIO COLORADO",NA
6,2018,"CONGRIO DORADO",NA
6,2018,"CONGRIO NEGRO",NA
6,2018,"ERIZO",0.69
6,2018,"LENGUADO",NA
6,2018,"LUGA NEGRA O CRESPA",NA
6,2018,"MERLUZA DEL SUR O AUSTRAL",0.85
6,2018,"NAVAJUELA",NA
6,2018,"PEJERREY DE MAR",NA
6,2018,"PICOROCO",NA
6,2018,"PIURE",NA
6,2018,"PULPO DEL SUR",NA
6,2018,"RAYA VOLANTIN",NA
6,2018,"REINETA",1
6,2018,"ROBALO",NA
6,2018,"ROLLIZO",NA
6,2018,"SIERRA",NA
6,2019,"CABRILLA COMUN",NA
6,2019,"CABRILLA ESPAÑOLA",NA
6,2019,"CARACOL PALO PALO",NA
6,2019,"CENTOLLA",1
6,2019,"CONGRIO COLORADO",NA
6,2019,"CONGRIO DORADO",NA
6,2019,"CONGRIO NEGRO",NA
6,2019,"CULENGUE",NA
6,2019,"ERIZO",0.69
6,2019,"LUGA-ROJA",NA
6,2019,"MERLUZA DEL SUR O AUSTRAL",0.85
6,2019,"PEJERREY DE MAR",NA
6,2019,"RAYA ESPINOSA",NA
6,2019,"RAYA VOLANTIN",NA
6,2019,"REINETA",1
6,2019,"ROBALO",NA
6,2019,"ROLLIZO",NA
6,2019,"SIERRA",NA
6,2019,"TUMBAO",NA
6,2020,"ALMEJA",0.360872639
6,2020,"CABRILLA COMUN",NA
6,2020,"CHOLGA",NA
6,2020,"CHORITO",NA
6,2020,"CHORO",NA
6,2020,"CONGRIO COLORADO",NA
6,2020,"CONGRIO DORADO",NA
6,2020,"CONGRIO NEGRO",NA
6,2020,"CORVINA",NA
6,2020,"ERIZO",0.69
6,2020,"LAPA BONETE",NA
6,2020,"LAPA NEGRA",NA
6,2020,"LUGA-ROJA",NA
6,2020,"MERLUZA DEL SUR O AUSTRAL",0.85
6,2020,"PEJERREY DE MAR",NA
6,2020,"REINETA",1
6,2020,"ROBALO",NA
6,2020,"ROLLIZO",NA
6,2020,"SIERRA",NA
6,2021,"CABINZA",NA
6,2021,"CABRILLA COMUN",NA
6,2021,"CABRILLA ESPAÑOLA",NA
6,2021,"CENTOLLA",1
6,2021,"CHANCHARRO",NA
6,2021,"CONGRIO COLORADO",NA
6,2021,"CONGRIO DORADO",NA
6,2021,"CONGRIO NEGRO",NA
6,2021,"CORVINA",NA
6,2021,"ERIZO",0.69
6,2021,"LUGA-ROJA",NA
6,2021,"MERLUZA DEL SUR O AUSTRAL",0.85
6,2021,"PEJERREY DE MAR",NA
6,2021,"PULPO DEL SUR",NA
6,2021,"RAYA VOLANTIN",NA
6,2021,"REINETA",1
6,2021,"ROBALO",NA
6,2021,"ROLLIZO",NA
6,2021,"SALMON REY",NA
6,2021,"SIERRA",NA
7,2017,"ALMEJA",0.360872639
7,2017,"CABRILLA COMUN",NA
7,2017,"CARACOL PICUYO",NA
7,2017,"CENTOLLA",1
7,2017,"CHANCHARRO",NA
7,2017,"CHOLGA",NA
7,2017,"CHORO",NA
7,2017,"ERIZO",0.69
7,2017,"HUIRO",NA
7,2017,"JAIBA MARMOLA",NA
7,2017,"LUGA-ROJA",NA
7,2017,"LUGA NEGRA O CRESPA",NA
7,2017,"NAVAJUELA",NA
7,2017,"PEJERREY DE MAR",NA
7,2017,"PULPO DEL SUR",NA
7,2017,"ROBALO",NA
7,2017,"SARDINA AUSTRAL",1
7,2018,"ALMEJA",0.360872639
7,2018,"ANCHOVETA",1
7,2018,"CABRILLA COMUN",NA
7,2018,"CENTOLLA",1
7,2018,"CHANCHARRO",NA
7,2018,"CHOLGA",NA
7,2018,"CHORITO",NA
7,2018,"CHORO",NA
7,2018,"COCHAYUYO",NA
7,2018,"CONGRIO COLORADO",NA
7,2018,"ERIZO",0.69
7,2018,"HUIRO",NA
7,2018,"JAIBA MARMOLA",NA
7,2018,"LUGA-ROJA",NA
7,2018,"LUGA NEGRA O CRESPA",NA
7,2018,"PEJERREY DE MAR",NA
7,2018,"PULPO DEL SUR",NA
7,2018,"ROBALO",NA
7,2018,"SARDINA AUSTRAL",1
7,2018,"SARDINA COMUN",NA
7,2018,"SIERRA",NA
7,2019,"ALMEJA",0.360872639
7,2019,"CHANCHARRO",NA
7,2019,"CHOLGA",NA
7,2019,"CHORITO",NA
7,2019,"CHORO",NA
7,2019,"CONGRIO COLORADO",NA
7,2019,"ERIZO",0.69
7,2019,"HUIRO",NA
7,2019,"JAIBA MARMOLA",NA
7,2019,"NAVAJUELA",NA
7,2019,"PEJERREY DE MAR",NA
7,2019,"PULPO DEL SUR",NA
7,2019,"ROBALO",NA
7,2019,"SARDINA AUSTRAL",1
7,2019,"SARDINA COMUN",NA
7,2019,"SIERRA",NA
7,2020,"ALMEJA",0.360872639
7,2020,"CHOLGA",NA
7,2020,"CHORITO",NA
7,2020,"CHORO",NA
7,2020,"CONGRIO COLORADO",NA
7,2020,"ERIZO",0.69
7,2020,"JAIBA MARMOLA",NA
7,2020,"JAIBA MORA",NA
7,2020,"MERLUZA DEL SUR O AUSTRAL",0.85
7,2020,"PEJERREY DE MAR",NA
7,2020,"PIURE",NA
7,2020,"PULPO DEL SUR",NA
7,2020,"ROBALO",NA
7,2020,"SIERRA",NA
7,2021,"ALMEJA",0.360872639
7,2021,"CABRILLA COMUN",NA
7,2021,"CARACOL PALO PALO",NA
7,2021,"CHANCHARRO",NA
7,2021,"CHOLGA",NA
7,2021,"CHORITO",NA
7,2021,"CHORO",NA
7,2021,"CONGRIO COLORADO",NA
7,2021,"CONGRIO NEGRO",NA
7,2021,"ERIZO",0.69
7,2021,"JAIBA MARMOLA",NA
7,2021,"JAIBA MORA",NA
7,2021,"LUCHE",NA
7,2021,"NAVAJUELA",NA
7,2021,"PEJERREY DE MAR",NA
7,2021,"PULPO DEL SUR",NA
7,2021,"ROBALO",NA
7,2021,"ROLLIZO",NA
7,2021,"SIERRA",NA
8,2017,"ALMEJA",0.360872639
8,2017,"CENTOLLA",1
8,2017,"CENTOLLON",NA
8,2017,"CHANCHARRO",NA
8,2017,"CHOLGA",NA
8,2017,"CHORITO",NA
8,2017,"COJINOBA DEL SUR O AZUL",NA
8,2017,"CONGRIO COLORADO",NA
8,2017,"CONGRIO DORADO",NA
8,2017,"CONGRIO NEGRO",NA
8,2017,"CORVINA",NA
8,2017,"ERIZO",0.69
8,2017,"JAIBA MARMOLA",NA
8,2017,"LUGA-ROJA",NA
8,2017,"LUGA NEGRA O CRESPA",NA
8,2017,"MERLUZA COMUN",NA
8,2017,"MERLUZA DEL SUR O AUSTRAL",0.85
8,2017,"PEJEGALLO",NA
8,2017,"PEJERREY DE MAR",NA
8,2017,"PUYE",NA
8,2017,"RAYA VOLANTIN",NA
8,2017,"REINETA",1
8,2017,"ROBALO",NA
8,2017,"ROLLIZO",NA
8,2017,"SARDINA AUSTRAL",1
8,2017,"SIERRA",NA
8,2017,"TOLLO",NA
8,2018,"AGUJILLA",NA
8,2018,"ALMEJA",0.360872639
8,2018,"AZULEJO",NA
8,2018,"BROTULA",NA
8,2018,"CABRILLA COMUN",NA
8,2018,"CABRILLA ESPAÑOLA",NA
8,2018,"CENTOLLA",1
8,2018,"CHANCHARRO",NA
8,2018,"CHOLGA",NA
8,2018,"COJINOBA DEL SUR O AZUL",NA
8,2018,"CONGRIO COLORADO",NA
8,2018,"CONGRIO DORADO",NA
8,2018,"ERIZO",0.69
8,2018,"JAIBA MARMOLA",NA
8,2018,"JAIBA MORA",NA
8,2018,"JUREL",NA
8,2018,"LAPA NEGRA",NA
8,2018,"LENGUADO",NA
8,2018,"LUCHE",NA
8,2018,"MERLUZA DE COLA",NA
8,2018,"MERLUZA DEL SUR O AUSTRAL",0.85
8,2018,"PEJEGALLO",NA
8,2018,"PEJERREY DE MAR",NA
8,2018,"PELILLO",NA
8,2018,"PULPO DEL SUR",NA
8,2018,"PUYE",NA
8,2018,"RAYA ESPINOSA",NA
8,2018,"RAYA VOLANTIN",NA
8,2018,"REINETA",1
8,2018,"ROBALO",NA
8,2018,"ROLLIZO",NA
8,2018,"SARDINA AUSTRAL",1
8,2018,"TOLLO",NA
8,2019,"ALMEJA",0.360872639
8,2019,"ANGUILA",NA
8,2019,"BROTULA",NA
8,2019,"CABRILLA ESPAÑOLA",NA
8,2019,"CENTOLLA",1
8,2019,"CHANCHARRO",NA
8,2019,"CHOLGA",NA
8,2019,"CONGRIO COLORADO",NA
8,2019,"CONGRIO DORADO",NA
8,2019,"JAIBA MARMOLA",NA
8,2019,"LAPA NEGRA",NA
8,2019,"LENGUADO",NA
8,2019,"MERLUZA DEL SUR O AUSTRAL",0.85
8,2019,"PEJEGALLO",NA
8,2019,"PEJERREY DE MAR",NA
8,2019,"PUYE",NA
8,2019,"RAYA ESPINOSA",NA
8,2019,"RAYA VOLANTIN",NA
8,2019,"ROBALO",NA
8,2019,"ROLLIZO",NA
8,2019,"TOLLO",NA
8,2020,"BROTULA",NA
8,2020,"CABALLA",NA
8,2020,"CABRILLA ESPAÑOLA",NA
8,2020,"CENTOLLA",1
8,2020,"CHANCHARRO",NA
8,2020,"CONGRIO COLORADO",NA
8,2020,"CONGRIO DORADO",NA
8,2020,"JAIBA MARMOLA",NA
8,2020,"LENGUADO",NA
8,2020,"MERLUZA DEL SUR O AUSTRAL",0.85
8,2020,"PEJERREY DE MAR",NA
8,2020,"PUYE",NA
8,2020,"RAYA ESPINOSA",NA
8,2020,"RAYA VOLANTIN",NA
8,2020,"ROBALO",NA
8,2020,"ROLLIZO",NA
8,2020,"SIERRA",NA
8,2021,"ANGUILA COMUN",NA
8,2021,"BROTULA",NA
8,2021,"CABRILLA ESPAÑOLA",NA
8,2021,"CENTOLLA",1
8,2021,"CHANCHARRO",NA
8,2021,"CONGRIO COLORADO",NA
8,2021,"CONGRIO DORADO",NA
8,2021,"CONGRIO NEGRO",NA
8,2021,"ERIZO",0.69
8,2021,"JAIBA MARMOLA",NA
8,2021,"JAIBA MORA",NA
8,2021,"LENGUADO",NA
8,2021,"MERLUZA DEL SUR O AUSTRAL",0.85
8,2021,"PEJEGALLO",NA
8,2021,"PEJERREY DE MAR",NA
8,2021,"PUYE",NA
8,2021,"RAYA ESPINOSA",NA
8,2021,"RAYA VOLANTIN",NA
8,2021,"ROBALO",NA
8,2021,"ROLLIZO",NA
8,2021,"TOLLO",NA
9,2017,"ALMEJA",0.360872639
9,2017,"CABRILLA COMUN",NA
9,2017,"CABRILLA ESPAÑOLA",NA
9,2017,"CENTOLLA",1
9,2017,"CHOLGA",NA
9,2017,"CHORITO",NA
9,2017,"CHORO",NA
9,2017,"CONGRIO COLORADO",NA
9,2017,"JAIBA MORA",NA
9,2017,"PEJEGALLO",NA
9,2017,"PEJERREY DE MAR",NA
9,2017,"ROBALO",NA
9,2017,"ROLLIZO",NA
9,2017,"TOLLO",NA
9,2018,"ALMEJA",0.360872639
9,2018,"CABRILLA COMUN",NA
9,2018,"CABRILLA ESPAÑOLA",NA
9,2018,"CENTOLLA",1
9,2018,"CHOLGA",NA
9,2018,"CHORITO",NA
9,2018,"CHORO",NA
9,2018,"JAIBA MORA",NA
9,2018,"PEJEGALLO",NA
9,2018,"PEJERREY DE MAR",NA
9,2018,"ROBALO",NA
9,2018,"ROLLIZO",NA
9,2019,"ALMEJA",0.360872639
9,2019,"CENTOLLA",1
9,2019,"CHOLGA",NA
9,2019,"CHORITO",NA
9,2019,"JAIBA MORA",NA
9,2019,"PEJEGALLO",NA
9,2019,"PEJERREY DE MAR",NA
9,2019,"ROBALO",NA
9,2019,"ROLLIZO",NA
9,2020,"CABRILLA COMUN",NA
9,2020,"CENTOLLA",1
9,2020,"CHOLGA",NA
9,2020,"CHORITO",NA
9,2020,"JAIBA MORA",NA
9,2020,"PEJEGALLO",NA
9,2020,"PEJERREY DE MAR",NA
9,2020,"ROBALO",NA
9,2021,"CABRILLA COMUN",NA
9,2021,"CENTOLLA",1
9,2021,"CHOLGA",NA
9,2021,"CHORITO",NA
9,2021,"JAIBA MORA",NA
9,2021,"PEJEGALLO",NA
9,2021,"PEJERREY DE MAR",NA
9,2021,"ROBALO",NA
10,2017,"CHANCHARRO",NA
10,2017,"CHORITO",NA
10,2017,"HUIRO",NA
10,2018,"ALMEJA",0.360872639
10,2018,"CHORO",NA
10,2018,"ERIZO",0.69
10,2018,"HUEPO O NAVAJA DE MAR",NA
10,2018,"HUIRO",NA
10,2018,"LUGA NEGRA O CRESPA",NA
10,2018,"NAVAJUELA",NA
10,2018,"PEJEGALLO",NA
10,2018,"PULPO DEL SUR",NA
10,2019,"HUIRO",NA
10,2020,"HUIRO",NA
10,2021,"HUIRO",NA
11,2017,"ALMEJA",0.360872639
11,2017,"ANCHOVETA",1
11,2017,"ATUN ALETA AZUL",NA
11,2017,"BONITO",NA
11,2017,"CARACOL PALO PALO",NA
11,2017,"CARACOL PICUYO",NA
11,2017,"CARACOL TRUMULCO",NA
11,2017,"CENTOLLA",1
11,2017,"CHOLGA",NA
11,2017,"CHORITO",NA
11,2017,"CHORO",NA
11,2017,"CONGRIO COLORADO",NA
11,2017,"CONGRIO DORADO",NA
11,2017,"CULENGUE",NA
11,2017,"ERIZO",0.69
11,2017,"HUEPO O NAVAJA DE MAR",NA
11,2017,"HUIRO",NA
11,2017,"JAIBA MARMOLA",NA
11,2017,"JAIBA MORA",NA
11,2017,"JULIANA O TAWERA",0.85
11,2017,"LUGA-ROJA",NA
11,2017,"LUGA NEGRA O CRESPA",NA
11,2017,"MERLUZA DEL SUR O AUSTRAL",0.85
11,2017,"NAVAJUELA",NA
11,2017,"OSTRA CHILENA",NA
11,2017,"PEJEGALLO",NA
11,2017,"PEJERREY DE MAR",NA
11,2017,"PIURE",NA
11,2017,"PULPO DEL SUR",NA
11,2017,"REINETA",1
11,2017,"ROBALO",NA
11,2017,"ROLLIZO",NA
11,2017,"SARDINA AUSTRAL",1
11,2017,"SARDINA COMUN",NA
11,2017,"SIERRA",NA
11,2017,"TUMBAO",NA
11,2018,"ALMEJA",0.360872639
11,2018,"ANCHOVETA",1
11,2018,"ATUN CHAUCHERA",NA
11,2018,"BACALADILLO O MOTE",NA
11,2018,"BROTULA",NA
11,2018,"CABRILLA COMUN",NA
11,2018,"CALAMAR",NA
11,2018,"CARACOL PALO PALO",NA
11,2018,"CARACOL PICUYO",NA
11,2018,"CARACOL TRUMULCO",NA
11,2018,"CENTOLLA",1
11,2018,"CHANCHARRO",NA
11,2018,"CHOLGA",NA
11,2018,"CHORITO",NA
11,2018,"CHORO",NA
11,2018,"CONGRIO COLORADO",NA
11,2018,"CONGRIO DORADO",NA
11,2018,"CONGRIO NEGRO",NA
11,2018,"CORVINA",NA
11,2018,"CULENGUE",NA
11,2018,"ERIZO",0.69
11,2018,"HUEPO O NAVAJA DE MAR",NA
11,2018,"HUIRO",NA
11,2018,"JAIBA MARMOLA",NA
11,2018,"JAIBA PANCHOTE O CANGREJO",NA
11,2018,"JAIBA REINA",NA
11,2018,"JIBIA O CALAMAR ROJO",NA
11,2018,"JULIANA O TAWERA",0.85
11,2018,"JUREL",NA
11,2018,"LENGUADO",NA
11,2018,"LUCHE",NA
11,2018,"LUGA-ROJA",NA
11,2018,"LUGA NEGRA O CRESPA",NA
11,2018,"MERLUZA DE COLA",NA
11,2018,"MERLUZA DEL SUR O AUSTRAL",0.85
11,2018,"NAVAJUELA",NA
11,2018,"OSTRA CHILENA",NA
11,2018,"PEJEGALLO",NA
11,2018,"PEJERREY DE MAR",NA
11,2018,"PIURE",NA
11,2018,"PULPO DEL SUR",NA
11,2018,"RAYA ESPINOSA",NA
11,2018,"RAYA VOLANTIN",NA
11,2018,"REINETA",1
11,2018,"ROBALO",NA
11,2018,"ROLLIZO",NA
11,2018,"SARDINA AUSTRAL",1
11,2018,"SARDINA COMUN",NA
11,2018,"SIERRA",NA
11,2018,"TOLLO",NA
11,2018,"TUMBAO",NA
11,2019,"ALMEJA",0.360872639
11,2019,"ANCHOVETA",1
11,2019,"ATUN LANZON",NA
11,2019,"BLANQUILLO",NA
11,2019,"BROTULA",NA
11,2019,"CABRILLA COMUN",NA
11,2019,"CALAMAR",NA
11,2019,"CARACOL PALO PALO",NA
11,2019,"CARACOL PICUYO",NA
11,2019,"CENTOLLA",1
11,2019,"CHANCHARRO",NA
11,2019,"CHOLGA",NA
11,2019,"CHORITO",NA
11,2019,"CHORO",NA
11,2019,"COJINOBA DEL SUR O AZUL",NA
11,2019,"CONGRIO COLORADO",NA
11,2019,"CONGRIO DORADO",NA
11,2019,"CONGRIO NEGRO",NA
11,2019,"CORVINA",NA
11,2019,"CULENGUE",NA
11,2019,"ERIZO",0.69
11,2019,"HUEPO O NAVAJA DE MAR",NA
11,2019,"HUIRO",NA
11,2019,"JAIBA MARMOLA",NA
11,2019,"JAIBA MORA",NA
11,2019,"JAIBA PANCHOTE O CANGREJO",NA
11,2019,"JULIANA O TAWERA",0.85
11,2019,"LUGA-ROJA",NA
11,2019,"MERLUZA DEL SUR O AUSTRAL",0.85
11,2019,"NAVAJUELA",NA
11,2019,"OSTRA CHILENA",NA
11,2019,"PEJEGALLO",NA
11,2019,"PEJERREY DE MAR",NA
11,2019,"PELILLO",NA
11,2019,"PULPO DEL SUR",NA
11,2019,"RAYA VOLANTIN",NA
11,2019,"REINETA",1
11,2019,"ROBALO",NA
11,2019,"ROLLIZO",NA
11,2019,"SARDINA AUSTRAL",1
11,2019,"SARDINA COMUN",NA
11,2019,"SIERRA",NA
11,2019,"TOLLO",NA
11,2020,"ALMEJA",0.360872639
11,2020,"ATUN LANZON",NA
11,2020,"BROTULA",NA
11,2020,"CALAMAR",NA
11,2020,"CENTOLLA",1
11,2020,"CHANCHARRO",NA
11,2020,"CHOLGA",NA
11,2020,"CHORITO",NA
11,2020,"CHORO",NA
11,2020,"COJINOBA DEL SUR O AZUL",NA
11,2020,"CONGRIO COLORADO",NA
11,2020,"CONGRIO DORADO",NA
11,2020,"CONGRIO NEGRO",NA
11,2020,"ERIZO",0.69
11,2020,"HUEPO O NAVAJA DE MAR",NA
11,2020,"HUIRO",NA
11,2020,"JAIBA MARMOLA",NA
11,2020,"JAIBA PANCHOTE O CANGREJO",NA
11,2020,"JAIBA REMADORA",NA
11,2020,"JULIANA O TAWERA",0.85
11,2020,"LUGA NEGRA O CRESPA",NA
11,2020,"MERLUZA DEL SUR O AUSTRAL",0.85
11,2020,"NAVAJUELA",NA
11,2020,"PEJEGALLO",NA
11,2020,"PEJERREY DE MAR",NA
11,2020,"PULPO DEL NORTE",NA
11,2020,"PULPO DEL SUR",NA
11,2020,"PUYE",NA
11,2020,"RAYA ESPINOSA",NA
11,2020,"RAYA VOLANTIN",NA
11,2020,"REINETA",1
11,2020,"ROBALO",NA
11,2020,"ROLLIZO",NA
11,2020,"SARDINA AUSTRAL",1
11,2020,"SARDINA COMUN",NA
11,2020,"SIERRA",NA
11,2021,"ALMEJA",0.360872639
11,2021,"ANCHOVETA",1
11,2021,"ATUN LANZON",NA
11,2021,"BROTULA",NA
11,2021,"CABRILLA COMUN",NA
11,2021,"CALAMAR",NA
11,2021,"CENTOLLA",1
11,2021,"CHANCHARRO",NA
11,2021,"CHOLGA",NA
11,2021,"CHORO",NA
11,2021,"COJINOBA DEL SUR O AZUL",NA
11,2021,"CONGRIO COLORADO",NA
11,2021,"CONGRIO DORADO",NA
11,2021,"CONGRIO NEGRO",NA
11,2021,"ERIZO",0.69
11,2021,"HUEPO O NAVAJA DE MAR",NA
11,2021,"HUIRO",NA
11,2021,"JAIBA MARMOLA",NA
11,2021,"JAIBA PANCHOTE O CANGREJO",NA
11,2021,"JIBIA O CALAMAR ROJO",NA
11,2021,"JULIANA O TAWERA",0.85
11,2021,"LISA",NA
11,2021,"LUGA-ROJA",NA
11,2021,"MERLUZA DEL SUR O AUSTRAL",0.85
11,2021,"NAVAJUELA",NA
11,2021,"OSTRA CHILENA",NA
11,2021,"PEJEGALLO",NA
11,2021,"PEJERREY DE MAR",NA
11,2021,"PULPO DEL SUR",NA
11,2021,"PUYE",NA
11,2021,"RAYA VOLANTIN",NA
11,2021,"REINETA",1
11,2021,"ROBALO",NA
11,2021,"ROLLIZO",NA
11,2021,"SARDINA AUSTRAL",1
11,2021,"SARDINA COMUN",NA
11,2021,"SIERRA",NA
12,2017,"LAPA NEGRA",NA
12,2017,"PICOROCO",NA
12,2017,"PIURE",NA
12,2018,"ROBALO",NA
12,2018,"SIERRA",NA
13,2017,"ALMEJA",0.360872639
13,2017,"CABRILLA ESPAÑOLA",NA
13,2017,"CARACOL PALO PALO",NA
13,2017,"CENTOLLA",1
13,2017,"CHOLGA",NA
13,2017,"CHORITO",NA
13,2017,"CHORO",NA
13,2017,"CONGRIO NEGRO",NA
13,2017,"ERIZO",0.69
13,2017,"JAIBA MARMOLA",NA
13,2017,"LAPA NEGRA",NA
13,2017,"LAPA REINA",NA
13,2017,"LUCHE",NA
13,2017,"LUGA-ROJA",NA
13,2017,"PULPO DEL SUR",NA
13,2017,"ROBALO",NA
13,2017,"ROLLIZO",NA
13,2017,"SIERRA",NA
13,2018,"ALMEJA",0.360872639
13,2018,"CABRILLA COMUN",NA
13,2018,"CENTOLLA",1
13,2018,"CHANCHARRO",NA
13,2018,"CHOLGA",NA
13,2018,"CHORO",NA
13,2018,"CONGRIO COLORADO",NA
13,2018,"CONGRIO DORADO",NA
13,2018,"CULENGUE",NA
13,2018,"ERIZO",0.69
13,2018,"JAIBA MARMOLA",NA
13,2018,"JAIBA MORA",NA
13,2018,"JAIBA REINA",NA
13,2018,"LAPA NEGRA",NA
13,2018,"LECHUGUILLA",NA
13,2018,"LUCHE",NA
13,2018,"LUGA-ROJA",NA
13,2018,"LUGA NEGRA O CRESPA",NA
13,2018,"MERLUZA DEL SUR O AUSTRAL",0.85
13,2018,"PULPO DEL SUR",NA
13,2018,"ROBALO",NA
13,2018,"ROLLIZO",NA
13,2019,"ACHA O HACHA",NA
13,2019,"ALMEJA",0.360872639
13,2019,"CENTOLLA",1
13,2019,"CHOLGA",NA
13,2019,"CHORO",NA
13,2019,"CULENGUE",NA
13,2019,"ERIZO",0.69
13,2019,"JAIBA MARMOLA",NA
13,2019,"JAIBA MORA",NA
13,2019,"JAIBA PANCHOTE O CANGREJO",NA
13,2019,"LAPA NEGRA",NA
13,2019,"LAPA REINA",NA
13,2019,"LUCHE",NA
13,2019,"LUGA-ROJA",NA
13,2019,"PEJERREY DE MAR",NA
13,2019,"PULPO DEL SUR",NA
13,2019,"PUYE",NA
13,2019,"ROBALO",NA
13,2019,"ROLLIZO",NA
13,2019,"SARDINA AUSTRAL",1
13,2019,"SIERRA",NA
13,2020,"ALMEJA",0.360872639
13,2020,"BROTULA",NA
13,2020,"CABRILLA COMUN",NA
13,2020,"CARACOL PALO PALO",NA
13,2020,"CENTOLLA",1
13,2020,"CHANCHARRO",NA
13,2020,"CHOLGA",NA
13,2020,"CHORO",NA
13,2020,"COCHAYUYO",NA
13,2020,"CONGRIO COLORADO",NA
13,2020,"CONGRIO DORADO",NA
13,2020,"ERIZO",0.69
13,2020,"JAIBA MARMOLA",NA
13,2020,"JAIBA MORA",NA
13,2020,"JAIBA PANCHOTE O CANGREJO",NA
13,2020,"JAIBA PANCORA",NA
13,2020,"LAPA NEGRA",NA
13,2020,"LAPA REINA",NA
13,2020,"LAPA ROSADA",NA
13,2020,"LUCHE",NA
13,2020,"LUGA-ROJA",NA
13,2020,"PEJERREY DE MAR",NA
13,2020,"PULPO DEL SUR",NA
13,2020,"ROBALO",NA
13,2020,"ROLLIZO",NA
13,2020,"SIERRA",NA
13,2020,"TOLLO",NA
13,2021,"ALMEJA",0.360872639
13,2021,"CARACOL PALO PALO",NA
13,2021,"CARACOL TEGULA",NA
13,2021,"CENTOLLA",1
13,2021,"CHOLGA",NA
13,2021,"CHORITO",NA
13,2021,"CHORO",NA
13,2021,"CONGRIO COLORADO",NA
13,2021,"ERIZO",0.69
13,2021,"JAIBA MARMOLA",NA
13,2021,"LAPA NEGRA",NA
13,2021,"LAPA REINA",NA
13,2021,"LUGA-ROJA",NA
13,2021,"MERLUZA DEL SUR O AUSTRAL",0.85
13,2021,"PEJERREY DE MAR",NA
13,2021,"PULPO DEL SUR",NA
13,2021,"ROBALO",NA
13,2021,"ROLLIZO",NA
13,2021,"SIERRA",NA
14,2017,"ALMEJA",0.360872639
14,2017,"ANCHOVETA",1
14,2017,"CABRILLA COMUN",NA
14,2017,"CENTOLLA",1
14,2017,"CENTOLLON",NA
14,2017,"CHANCHARRO",NA
14,2017,"CHOLGA",NA
14,2017,"CHORITO",NA
14,2017,"CHORO",NA
14,2017,"CONGRIO COLORADO",NA
14,2017,"CONGRIO DORADO",NA
14,2017,"CONGRIO NEGRO",NA
14,2017,"CULENGUE",NA
14,2017,"ERIZO",0.69
14,2017,"JAIBA MARMOLA",NA
14,2017,"LENGUADO",NA
14,2017,"MERLUZA DEL SUR O AUSTRAL",0.85
14,2017,"NAVAJUELA",NA
14,2017,"PEJEGALLO",NA
14,2017,"PEJERREY DE MAR",NA
14,2017,"PELILLO",NA
14,2017,"PICOROCO",NA
14,2017,"PIURE",NA
14,2017,"PULPO DEL SUR",NA
14,2017,"RAYA ESPINOSA",NA
14,2017,"RAYA VOLANTIN",NA
14,2017,"REINETA",1
14,2017,"ROBALO",NA
14,2017,"ROLLIZO",NA
14,2017,"SARDINA AUSTRAL",1
14,2017,"SARDINA COMUN",NA
14,2017,"SIERRA",NA
14,2017,"TOLLO",NA
14,2017,"TUMBAO",NA
14,2018,"ALMEJA",0.360872639
14,2018,"ANCHOVETA",1
14,2018,"CABRILLA COMUN",NA
14,2018,"CARACOL PALO PALO",NA
14,2018,"CENTOLLA",1
14,2018,"CENTOLLON",NA
14,2018,"CHANCHARRO",NA
14,2018,"CHOLGA",NA
14,2018,"CHORITO",NA
14,2018,"CHORO",NA
14,2018,"CONGRIO COLORADO",NA
14,2018,"CONGRIO DORADO",NA
14,2018,"CONGRIO NEGRO",NA
14,2018,"CULENGUE",NA
14,2018,"ERIZO",0.69
14,2018,"HUIRO",NA
14,2018,"JAIBA MORA",NA
14,2018,"LAPA NEGRA",NA
14,2018,"LUCHE",NA
14,2018,"LUGA-ROJA",NA
14,2018,"LUGA NEGRA O CRESPA",NA
14,2018,"MERLUZA DEL SUR O AUSTRAL",0.85
14,2018,"NAVAJUELA",NA
14,2018,"OSTRA CHILENA",NA
14,2018,"PEJEGALLO",NA
14,2018,"PEJERREY DE MAR",NA
14,2018,"PELILLO",NA
14,2018,"PICOROCO",NA
14,2018,"PIURE",NA
14,2018,"PULPO DEL SUR",NA
14,2018,"RAYA ESPINOSA",NA
14,2018,"RAYA VOLANTIN",NA
14,2018,"ROBALO",NA
14,2018,"ROLLIZO",NA
14,2018,"SARDINA AUSTRAL",1
14,2018,"SARDINA COMUN",NA
14,2018,"SIERRA",NA
14,2018,"TUMBAO",NA
14,2019,"ALMEJA",0.360872639
14,2019,"ANCHOVETA",1
14,2019,"CABRILLA COMUN",NA
14,2019,"CENTOLLA",1
14,2019,"CHANCHARRO",NA
14,2019,"CHOLGA",NA
14,2019,"CHORITO",NA
14,2019,"CHORO",NA
14,2019,"COJINOBA DEL SUR O AZUL",NA
14,2019,"CONGRIO COLORADO",NA
14,2019,"CONGRIO DORADO",NA
14,2019,"CONGRIO NEGRO",NA
14,2019,"CULENGUE",NA
14,2019,"ERIZO",0.69
14,2019,"MERLUZA DEL SUR O AUSTRAL",0.85
14,2019,"PEJEGALLO",NA
14,2019,"PEJERREY DE MAR",NA
14,2019,"PICOROCO",NA
14,2019,"PIURE",NA
14,2019,"PULPO DEL SUR",NA
14,2019,"RAYA ESPINOSA",NA
14,2019,"RAYA VOLANTIN",NA
14,2019,"REINETA",1
14,2019,"ROBALO",NA
14,2019,"ROLLIZO",NA
14,2019,"SARDINA AUSTRAL",1
14,2019,"SIERRA",NA
14,2020,"ALMEJA",0.360872639
14,2020,"CENTOLLA",1
14,2020,"CHANCHARRO",NA
14,2020,"CHOLGA",NA
14,2020,"CHORITO",NA
14,2020,"CHORO",NA
14,2020,"CONGRIO COLORADO",NA
14,2020,"CONGRIO DORADO",NA
14,2020,"CONGRIO NEGRO",NA
14,2020,"ERIZO",0.69
14,2020,"JAIBA MARMOLA",NA
14,2020,"LUGA-ROJA",NA
14,2020,"MERLUZA DEL SUR O AUSTRAL",0.85
14,2020,"PEJEGALLO",NA
14,2020,"PEJERREY DE MAR",NA
14,2020,"PULPO DEL SUR",NA
14,2020,"RAYA ESPINOSA",NA
14,2020,"RAYA VOLANTIN",NA
14,2020,"ROBALO",NA
14,2020,"ROLLIZO",NA
14,2020,"SARDINA COMUN",NA
14,2021,"ALMEJA",0.360872639
14,2021,"BROTULA",NA
14,2021,"CABRILLA COMUN",NA
14,2021,"CENTOLLA",1
14,2021,"CHANCHARRO",NA
14,2021,"CHOLGA",NA
14,2021,"CHORITO",NA
14,2021,"CHORO",NA
14,2021,"CONGRIO COLORADO",NA
14,2021,"CONGRIO DORADO",NA
14,2021,"CONGRIO NEGRO",NA
14,2021,"CULENGUE",NA
14,2021,"ERIZO",0.69
14,2021,"JAIBA MARMOLA",NA
14,2021,"LUGA-ROJA",NA
14,2021,"MERLUZA DEL SUR O AUSTRAL",0.85
14,2021,"NAVAJUELA",NA
14,2021,"PEJEGALLO",NA
14,2021,"PEJERREY DE MAR",NA
14,2021,"PULPO DEL SUR",NA
14,2021,"RAYA ESPINOSA",NA
14,2021,"RAYA VOLANTIN",NA
14,2021,"REINETA",1
14,2021,"ROBALO",NA
14,2021,"ROLLIZO",NA
16,2017,"ALMEJA",0.360872639
16,2017,"CARACOL PALO PALO",NA
16,2017,"CENTOLLON",NA
16,2017,"CONGRIO COLORADO",NA
16,2017,"CORVINA",NA
16,2017,"CULENGUE",NA
16,2017,"ERIZO",0.69
16,2017,"JAIBA MARMOLA",NA
16,2017,"JAIBA MORA",NA
16,2017,"JAIBA REINA",NA
16,2017,"LAPA NEGRA",NA
16,2017,"LAPA PICTA",NA
16,2017,"LUGA NEGRA O CRESPA",NA
16,2017,"PICOROCO",NA
16,2017,"PIURE",NA
16,2017,"REINETA",1
16,2017,"ROBALO",NA
16,2018,"ALMEJA",0.360872639
16,2018,"CARACOL PALO PALO",NA
16,2018,"CHORO",NA
16,2018,"COCHAYUYO",NA
16,2018,"CONGRIO COLORADO",NA
16,2018,"CORVINA",NA
16,2018,"JAIBA MORA",NA
16,2018,"LAPA NEGRA",NA
16,2018,"LUGA NEGRA O CRESPA",NA
16,2018,"PEPINO DE MAR",NA
16,2018,"PICOROCO",NA
16,2018,"PIURE",NA
16,2018,"PULPO DEL SUR",NA
16,2018,"ROBALO",NA
16,2018,"ROLLIZO",NA
16,2018,"SIERRA",NA
16,2019,"CONGRIO COLORADO",NA
16,2019,"CORVINA",NA
16,2019,"LUGA NEGRA O CRESPA",NA
16,2019,"PEJERREY DE MAR",NA
16,2019,"PICOROCO",NA
16,2019,"PIURE",NA
16,2019,"ROBALO",NA
16,2019,"SIERRA",NA
16,2020,"CABRILLA COMUN",NA
16,2020,"CABRILLA ESPAÑOLA",NA
16,2020,"CHANCHARRO",NA
16,2020,"CONGRIO COLORADO",NA
16,2020,"CORVINA",NA
16,2020,"PEJERREY DE MAR",NA
16,2020,"ROBALO",NA
16,2020,"ROLLIZO",NA
16,2020,"SIERRA",NA
17,2017,"ALMEJA",0.360872639
17,2017,"BACALAO DE PROFUNDIDAD",NA
17,2017,"BLANQUILLO",NA
17,2017,"CARACOL PALO PALO",NA
17,2017,"CARPA",NA
17,2017,"CENTOLLA",1
17,2017,"CHOLGA",NA
17,2017,"CHORITO",NA
17,2017,"CHORO",NA
17,2017,"CONGRIO COLORADO",NA
17,2017,"CONGRIO DORADO",NA
17,2017,"CORVINA",NA
17,2017,"CULENGUE",NA
17,2017,"ERIZO",0.69
17,2017,"JAIBA MARMOLA",NA
17,2017,"JAIBA MORA",NA
17,2017,"JAIBA PANCHOTE O CANGREJO",NA
17,2017,"JAIBA PELUDA O PACHONA",NA
17,2017,"JAIBA REINA",NA
17,2017,"OSTRA CHILENA",NA
17,2017,"PEJEGALLO",NA
17,2017,"PEJERREY DE MAR",NA
17,2017,"PELILLO",NA
17,2017,"PEPINO DE MAR",NA
17,2017,"PICOROCO",NA
17,2017,"PIURE",NA
17,2017,"PULPO DEL SUR",NA
17,2017,"REINETA",1
17,2017,"ROBALO",NA
17,2017,"ROLLIZO",NA
17,2017,"SIERRA",NA
17,2017,"TOLLO",NA
17,2017,"TUMBAO",NA
17,2018,"ALMEJA",0.360872639
17,2018,"BACALAO DE PROFUNDIDAD",NA
17,2018,"CARACOL LOCATE",NA
17,2018,"CARACOL PALO PALO",NA
17,2018,"CARACOL RUBIO",NA
17,2018,"CENTOLLA",1
17,2018,"CHOLGA",NA
17,2018,"CHORITO",NA
17,2018,"CHORO",NA
17,2018,"COCHAYUYO",NA
17,2018,"CONGRIO COLORADO",NA
17,2018,"CONGRIO DORADO",NA
17,2018,"CORVINA",NA
17,2018,"CULENGUE",NA
17,2018,"ERIZO",0.69
17,2018,"JAIBA MARMOLA",NA
17,2018,"JAIBA MORA",NA
17,2018,"JAIBA PANCHOTE O CANGREJO",NA
17,2018,"JAIBA PELUDA O PACHONA",NA
17,2018,"LAPA NEGRA",NA
17,2018,"LOCO",NA
17,2018,"LUGA NEGRA O CRESPA",NA
17,2018,"NAVAJUELA",NA
17,2018,"OSTRA CHILENA",NA
17,2018,"PEJEGALLO",NA
17,2018,"PEJERREY DE MAR",NA
17,2018,"PELILLO",NA
17,2018,"PEPINO DE MAR",NA
17,2018,"PICOROCO",NA
17,2018,"PIURE",NA
17,2018,"PULPO DEL SUR",NA
17,2018,"REINETA",1
17,2018,"ROBALO",NA
17,2018,"ROLLIZO",NA
17,2018,"SIERRA",NA
17,2018,"TOLLO",NA
17,2018,"TUMBAO",NA
17,2019,"ALMEJA",0.360872639
17,2019,"BACALAO DE PROFUNDIDAD",NA
17,2019,"CARACOL PALO PALO",NA
17,2019,"CENTOLLA",1
17,2019,"CHOLGA",NA
17,2019,"CHORITO",NA
17,2019,"CHORO",NA
17,2019,"CONGRIO COLORADO",NA
17,2019,"CONGRIO DORADO",NA
17,2019,"CORVINA",NA
17,2019,"CULENGUE",NA
17,2019,"ERIZO",0.69
17,2019,"JAIBA MARMOLA",NA
17,2019,"JAIBA PANCHOTE O CANGREJO",NA
17,2019,"JAIBA PELUDA O PACHONA",NA
17,2019,"JAIBA REMADORA",NA
17,2019,"LISA",NA
17,2019,"LUGA NEGRA O CRESPA",NA
17,2019,"NAVAJUELA",NA
17,2019,"OSTRA CHILENA",NA
17,2019,"PEJEGALLO",NA
17,2019,"PEJERREY DE MAR",NA
17,2019,"PELILLO",NA
17,2019,"PEPINO DE MAR",NA
17,2019,"PICOROCO",NA
17,2019,"PIURE",NA
17,2019,"PULPO DEL SUR",NA
17,2019,"REINETA",1
17,2019,"ROBALO",NA
17,2019,"ROLLIZO",NA
17,2019,"SIERRA",NA
17,2019,"TOLLO",NA
17,2019,"TUMBAO",NA
17,2020,"ALMEJA",0.360872639
17,2020,"CANGREJO DORADO DE J. FERNANDEZ",NA
17,2020,"CARACOL PALO PALO",NA
17,2020,"CARACOL PICUYO",NA
17,2020,"CHOLGA",NA
17,2020,"CHORITO",NA
17,2020,"CHORO",NA
17,2020,"CONGRIO COLORADO",NA
17,2020,"CONGRIO DORADO",NA
17,2020,"CORVINA",NA
17,2020,"CULENGUE",NA
17,2020,"ERIZO",0.69
17,2020,"JAIBA MARMOLA",NA
17,2020,"JAIBA MORA",NA
17,2020,"JAIBA PANCHOTE O CANGREJO",NA
17,2020,"JAIBA PELUDA O PACHONA",NA
17,2020,"JAIBA REMADORA",NA
17,2020,"LAPA NEGRA",NA
17,2020,"LUGA NEGRA O CRESPA",NA
17,2020,"NAVAJUELA",NA
17,2020,"OSTRA CHILENA",NA
17,2020,"PEJEGALLO",NA
17,2020,"PEJERREY DE MAR",NA
17,2020,"PEPINO DE MAR",NA
17,2020,"PICOROCO",NA
17,2020,"PIURE",NA
17,2020,"PULPO DEL SUR",NA
17,2020,"RAYA ESPINOSA",NA
17,2020,"RAYA VOLANTIN",NA
17,2020,"REINETA",1
17,2020,"ROBALO",NA
17,2020,"ROLLIZO",NA
17,2020,"SIERRA",NA
17,2020,"TOLLO",NA
17,2020,"TUMBAO",NA
17,2021,"ALMEJA",0.360872639
17,2021,"CARACOL PALO PALO",NA
17,2021,"CHORITO",NA
17,2021,"CHORO",NA
17,2021,"COCHAYUYO",NA
17,2021,"CONGRIO DORADO",NA
17,2021,"CORVINA",NA
17,2021,"CULENGUE",NA
17,2021,"ERIZO",0.69
17,2021,"JAIBA MARMOLA",NA
17,2021,"JAIBA PANCHOTE O CANGREJO",NA
17,2021,"JAIBA PELUDA O PACHONA",NA
17,2021,"JAIBA REMADORA",NA
17,2021,"LISA",NA
17,2021,"LUGA CUCHARA O CORTA",NA
17,2021,"LUGA NEGRA O CRESPA",NA
17,2021,"NAVAJUELA",NA
17,2021,"OSTRA CHILENA",NA
17,2021,"PEJEGALLO",NA
17,2021,"PEJERREY DE MAR",NA
17,2021,"PELILLO",NA
17,2021,"PICOROCO",NA
17,2021,"PIURE",NA
17,2021,"PULPO DEL SUR",NA
17,2021,"REINETA",1
17,2021,"ROBALO",NA
17,2021,"SIERRA",NA
17,2021,"TOLLO",NA
17,2021,"TUMBAO",NA
18,2017,"ALMEJA",0.360872639
18,2017,"BACALAO DE PROFUNDIDAD",NA
18,2017,"CENTOLLA",1
18,2017,"CENTOLLON",NA
18,2017,"CHANCHARRO",NA
18,2017,"CHOLGA",NA
18,2017,"CHORITO",NA
18,2017,"CONGRIO DORADO",NA
18,2017,"ERIZO",0.69
18,2017,"JAIBA MARMOLA",NA
18,2017,"LOCO",NA
18,2017,"LUGA-ROJA",NA
18,2017,"MERLUZA DEL SUR O AUSTRAL",0.85
18,2017,"OSTION DEL SUR",NA
18,2017,"PEJERREY DE MAR",NA
18,2017,"ROBALO",NA
18,2018,"ALMEJA",0.360872639
18,2018,"BACALAO DE PROFUNDIDAD",NA
18,2018,"CENTOLLA",1
18,2018,"CENTOLLON",NA
18,2018,"CHANCHARRO",NA
18,2018,"CHOLGA",NA
18,2018,"CHORITO",NA
18,2018,"CONGRIO DORADO",NA
18,2018,"ERIZO",0.69
18,2018,"JAIBA MARMOLA",NA
18,2018,"LUGA-ROJA",NA
18,2018,"MERLUZA DEL SUR O AUSTRAL",0.85
18,2018,"OSTION DEL SUR",NA
18,2018,"PEJERREY DE MAR",NA
18,2018,"ROBALO",NA
18,2019,"ALMEJA",0.360872639
18,2019,"BACALAO DE PROFUNDIDAD",NA
18,2019,"CENTOLLA",1
18,2019,"CENTOLLON",NA
18,2019,"CHANCHARRO",NA
18,2019,"CHOLGA",NA
18,2019,"CHORITO",NA
18,2019,"COJINOBA MOTEADA",NA
18,2019,"CONGRIO DORADO",NA
18,2019,"ERIZO",0.69
18,2019,"JAIBA MARMOLA",NA
18,2019,"LUGA-ROJA",NA
18,2019,"MERLUZA DEL SUR O AUSTRAL",0.85
18,2019,"OSTION DEL SUR",NA
18,2019,"PEJERREY DE MAR",NA
18,2019,"PULPO DEL SUR",NA
18,2019,"ROBALO",NA
18,2019,"SIERRA",NA
18,2020,"ALMEJA",0.360872639
18,2020,"BACALAO DE PROFUNDIDAD",NA
18,2020,"CENTOLLA",1
18,2020,"CHOLGA",NA
18,2020,"CHORITO",NA
18,2020,"COJINOBA DEL SUR O AZUL",NA
18,2020,"CONGRIO DORADO",NA
18,2020,"ERIZO",0.69
18,2020,"JAIBA MARMOLA",NA
18,2020,"JAIBA MORA",NA
18,2020,"LUGA-ROJA",NA
18,2020,"MERLUZA DEL SUR O AUSTRAL",0.85
18,2020,"OSTION DEL SUR",NA
18,2020,"PEJERREY DE MAR",NA
18,2020,"ROBALO",NA
18,2021,"ALMEJA",0.360872639
18,2021,"BACALAO DE PROFUNDIDAD",NA
18,2021,"CENTOLLA",1
18,2021,"CHOLGA",NA
18,2021,"CHORITO",NA
18,2021,"CONGRIO DORADO",NA
18,2021,"ERIZO",0.69
18,2021,"LUGA-ROJA",NA
18,2021,"MERLUZA DEL SUR O AUSTRAL",0.85
18,2021,"OSTION DEL SUR",NA
18,2021,"PEJERREY DE MAR",NA
18,2021,"ROBALO",NA
19,2017,"ALMEJA",0.360872639
19,2017,"CENTOLLA",1
19,2017,"CENTOLLON",NA
19,2017,"CHOLGA",NA
19,2017,"HUEPO O NAVAJA DE MAR",NA
19,2017,"LUGA-ROJA",NA
19,2017,"OSTION DEL SUR",NA
19,2018,"ALMEJA",0.360872639
19,2018,"ANGUILA",NA
19,2018,"BACALAO DE PROFUNDIDAD",NA
19,2018,"CENTOLLA",1
19,2018,"CENTOLLON",NA
19,2018,"CHOLGA",NA
19,2018,"LUGA-ROJA",NA
19,2018,"MERLUZA DEL SUR O AUSTRAL",0.85
19,2018,"OSTION DEL SUR",NA
19,2019,"ALMEJA",0.360872639
19,2019,"CENTOLLA",1
19,2019,"CENTOLLON",NA
19,2019,"CHOLGA",NA
19,2019,"ERIZO",0.69
19,2019,"HUEPO O NAVAJA DE MAR",NA
19,2019,"LUGA-ROJA",NA
19,2019,"OSTION DEL SUR",NA
19,2020,"ALMEJA",0.360872639
19,2020,"BACALAO DE PROFUNDIDAD",NA
19,2020,"CENTOLLA",1
19,2020,"CENTOLLON",NA
19,2020,"CONGRIO DORADO",NA
19,2020,"ERIZO",0.69
19,2020,"LUGA-ROJA",NA
19,2020,"OSTION DEL SUR",NA
19,2021,"CENTOLLA",1
19,2021,"CENTOLLON",NA
19,2021,"CONGRIO DORADO",NA
19,2021,"ERIZO",0.69
19,2021,"LUGA-ROJA",NA
21,2017,"ALMEJA",0.360872639
21,2017,"ANCHOVETA",1
21,2017,"BACALAO DE PROFUNDIDAD",NA
21,2017,"BONITO",NA
21,2017,"BROTULA",NA
21,2017,"CABALLA",NA
21,2017,"CABRILLA COMUN",NA
21,2017,"CABRILLA ESPAÑOLA",NA
21,2017,"CALAMAR",NA
21,2017,"CENTOLLA",1
21,2017,"CENTOLLON",NA
21,2017,"CHANCHARRO",NA
21,2017,"CHOLGA",NA
21,2017,"CHORITO",NA
21,2017,"CHORO",NA
21,2017,"COJINOBA DEL SUR O AZUL",NA
21,2017,"CONGRIO COLORADO",NA
21,2017,"CONGRIO DORADO",NA
21,2017,"CORVINA",NA
21,2017,"CULENGUE",NA
21,2017,"HUEPO O NAVAJA DE MAR",NA
21,2017,"JAIBA MARMOLA",NA
21,2017,"JAIBA MORA",NA
21,2017,"JIBIA O CALAMAR ROJO",NA
21,2017,"JUREL",NA
21,2017,"MERLUZA DEL SUR O AUSTRAL",0.85
21,2017,"PEJEGALLO",NA
21,2017,"PEJERREY DE MAR",NA
21,2017,"PIURE",NA
21,2017,"PULPO DEL SUR",NA
21,2017,"PUYE",NA
21,2017,"REINETA",1
21,2017,"ROBALO",NA
21,2017,"ROLLIZO",NA
21,2017,"SARDINA AUSTRAL",1
21,2017,"SARDINA COMUN",NA
21,2017,"SIERRA",NA
21,2018,"ALMEJA",0.360872639
21,2018,"ANCHOVETA",1
21,2018,"ANGUILA",NA
21,2018,"ANGUILA BABOSA",NA
21,2018,"ATUN LANZON",NA
21,2018,"BACALAO DE PROFUNDIDAD",NA
21,2018,"BLANQUILLO",NA
21,2018,"CABALLA",NA
21,2018,"CABRILLA COMUN",NA
21,2018,"CABRILLA ESPAÑOLA",NA
21,2018,"CARACOL PALO PALO",NA
21,2018,"CENTOLLA",1
21,2018,"CENTOLLON",NA
21,2018,"CHANCHARRO",NA
21,2018,"CHOLGA",NA
21,2018,"CHORITO",NA
21,2018,"CHORO",NA
21,2018,"COJINOBA DEL SUR O AZUL",NA
21,2018,"CONGRIO COLORADO",NA
21,2018,"CONGRIO DORADO",NA
21,2018,"CONGRIO NEGRO",NA
21,2018,"CORVINA",NA
21,2018,"CULENGUE",NA
21,2018,"HUEPO O NAVAJA DE MAR",NA
21,2018,"JAIBA LIMON",NA
21,2018,"JAIBA MARMOLA",NA
21,2018,"JAIBA MORA",NA
21,2018,"JAIBA REINA",NA
21,2018,"JIBIA O CALAMAR ROJO",NA
21,2018,"JUREL",NA
21,2018,"LENGUADO",NA
21,2018,"LENGUADO DE OJOS CHICOS",NA
21,2018,"MERLUZA DEL SUR O AUSTRAL",0.85
21,2018,"NAVAJUELA",NA
21,2018,"PAMPANITO",NA
21,2018,"PEJEGALLO",NA
21,2018,"PEJERREY DE MAR",NA
21,2018,"PICOROCO",NA
21,2018,"PIURE",NA
21,2018,"PULPO DEL SUR",NA
21,2018,"PUYE",NA
21,2018,"RAYA ESPINOSA",NA
21,2018,"RAYA VOLANTIN",NA
21,2018,"REINETA",1
21,2018,"ROBALO",NA
21,2018,"ROLLIZO",NA
21,2018,"SARDINA AUSTRAL",1
21,2018,"SARDINA COMUN",NA
21,2018,"SIERRA",NA
21,2018,"TOLLO",NA
21,2018,"TUMBAO",NA
21,2019,"ALMEJA",0.360872639
21,2019,"ANCHOVETA",1
21,2019,"BACALAO DE PROFUNDIDAD",NA
21,2019,"BLANQUILLO",NA
21,2019,"BROTULA",NA
21,2019,"CABRILLA COMUN",NA
21,2019,"CALAMAR",NA
21,2019,"CENTOLLA",1
21,2019,"CENTOLLON",NA
21,2019,"CHANCHARRO",NA
21,2019,"CHOLGA",NA
21,2019,"CHORITO",NA
21,2019,"CHORO",NA
21,2019,"COJINOBA DEL SUR O AZUL",NA
21,2019,"CONGRIO COLORADO",NA
21,2019,"CONGRIO DORADO",NA
21,2019,"CONGRIO NEGRO",NA
21,2019,"CORVINA",NA
21,2019,"ERIZO",0.69
21,2019,"HUEPO O NAVAJA DE MAR",NA
21,2019,"JAIBA MARMOLA",NA
21,2019,"JIBIA O CALAMAR ROJO",NA
21,2019,"JUREL",NA
21,2019,"MERLUZA DEL SUR O AUSTRAL",0.85
21,2019,"PAMPANITO",NA
21,2019,"PEJEGALLO",NA
21,2019,"PEJERREY DE MAR",NA
21,2019,"PULPO DEL SUR",NA
21,2019,"PUYE",NA
21,2019,"RAYA ESPINOSA",NA
21,2019,"RAYA VOLANTIN",NA
21,2019,"REINETA",1
21,2019,"ROBALO",NA
21,2019,"ROLLIZO",NA
21,2019,"SARDINA AUSTRAL",1
21,2019,"SARDINA COMUN",NA
21,2019,"SIERRA",NA
21,2019,"TOLLO",NA
21,2020,"ALMEJA",0.360872639
21,2020,"ANCHOVETA",1
21,2020,"BACALAO DE PROFUNDIDAD",NA
21,2020,"CENTOLLA",1
21,2020,"CHANCHARRO",NA
21,2020,"CHOLGA",NA
21,2020,"CHORITO",NA
21,2020,"CHORO",NA
21,2020,"CONGRIO COLORADO",NA
21,2020,"CONGRIO DORADO",NA
21,2020,"CORVINA",NA
21,2020,"JAIBA MARMOLA",NA
21,2020,"JUREL",NA
21,2020,"MERLUZA DEL SUR O AUSTRAL",0.85
21,2020,"PAMPANITO",NA
21,2020,"PEJEGALLO",NA
21,2020,"PEJERREY DE MAR",NA
21,2020,"PULPO DEL SUR",NA
21,2020,"PUYE",NA
21,2020,"RAYA ESPINOSA",NA
21,2020,"RAYA VOLANTIN",NA
21,2020,"REINETA",1
21,2020,"ROBALO",NA
21,2020,"SARDINA AUSTRAL",1
21,2020,"SARDINA COMUN",NA
21,2020,"SIERRA",NA
21,2020,"TIBURON SARDINERO",NA
21,2021,"ALMEJA",0.360872639
21,2021,"ANCHOVETA",1
21,2021,"BACALAO DE PROFUNDIDAD",NA
21,2021,"BROTULA",NA
21,2021,"CABRILLA COMUN",NA
21,2021,"CENTOLLA",1
21,2021,"CHANCHARRO",NA
21,2021,"CHOLGA",NA
21,2021,"CHORITO",NA
21,2021,"COJINOBA DEL SUR O AZUL",NA
21,2021,"CONGRIO COLORADO",NA
21,2021,"CONGRIO DORADO",NA
21,2021,"CONGRIO NEGRO",NA
21,2021,"CORVINA",NA
21,2021,"JUREL",NA
21,2021,"MERLUZA COMUN",NA
21,2021,"MERLUZA DEL SUR O AUSTRAL",0.85
21,2021,"PAMPANITO",NA
21,2021,"PEJEGALLO",NA
21,2021,"PEJERREY DE MAR",NA
21,2021,"PUYE",NA
21,2021,"RAYA ESPINOSA",NA
21,2021,"RAYA VOLANTIN",NA
21,2021,"REINETA",1
21,2021,"ROBALO",NA
21,2021,"ROLLIZO",NA
21,2021,"SARDINA AUSTRAL",1
21,2021,"SARDINA COMUN",NA
21,2021,"SIERRA",NA
21,2021,"TOLLO",NA
23,2017,"ALMEJA",0.360872639
23,2017,"BROTULA",NA
23,2017,"CENTOLLA",1
23,2017,"CENTOLLON",NA
23,2017,"CHANCHARRO",NA
23,2017,"CHOLGA",NA
23,2017,"CHORITO",NA
23,2017,"CHORO",NA
23,2017,"CONGRIO DORADO",NA
23,2017,"ERIZO",0.69
23,2017,"HUEPO O NAVAJA DE MAR",NA
23,2017,"LUGA-ROJA",NA
23,2017,"MERLUZA DE COLA",NA
23,2017,"MERLUZA DEL SUR O AUSTRAL",0.85
23,2017,"OSTION DEL SUR",NA
23,2017,"PEJERREY DE MAR",NA
23,2017,"ROBALO",NA
23,2018,"ALMEJA",0.360872639
23,2018,"CENTOLLA",1
23,2018,"CENTOLLON",NA
23,2018,"CHOLGA",NA
23,2018,"CHORITO",NA
23,2018,"CHORO",NA
23,2018,"CONGRIO DORADO",NA
23,2018,"CONGRIO PLATEADO",NA
23,2018,"ERIZO",0.69
23,2018,"HUEPO O NAVAJA DE MAR",NA
23,2018,"LUGA-ROJA",NA
23,2018,"MERLUZA DE COLA",NA
23,2018,"MERLUZA DEL SUR O AUSTRAL",0.85
23,2018,"OSTION DEL SUR",NA
23,2018,"PEJERREY DE MAR",NA
23,2018,"ROBALO",NA
23,2019,"ANFELTIA",NA
23,2019,"CENTOLLA",1
23,2019,"CENTOLLON",NA
23,2019,"CHANCHARRO",NA
23,2019,"CHOLGA",NA
23,2019,"CHORITO",NA
23,2019,"COJINOBA DEL SUR O AZUL",NA
23,2019,"CONGRIO DORADO",NA
23,2019,"ERIZO",0.69
23,2019,"HUEPO O NAVAJA DE MAR",NA
23,2019,"LUGA-ROJA",NA
23,2019,"MERLUZA DE COLA",NA
23,2019,"MERLUZA DEL SUR O AUSTRAL",0.85
23,2019,"OSTION DEL SUR",NA
23,2019,"PULPO DEL SUR",NA
23,2019,"ROBALO",NA
23,2020,"ALMEJA",0.360872639
23,2020,"CENTOLLA",1
23,2020,"CENTOLLON",NA
23,2020,"CHANCHARRO",NA
23,2020,"CHOLGA",NA
23,2020,"CHORITO",NA
23,2020,"CONGRIO DORADO",NA
23,2020,"ERIZO",0.69
23,2020,"LUGA-ROJA",NA
23,2020,"MERLUZA DE COLA",NA
23,2020,"MERLUZA DEL SUR O AUSTRAL",0.85
23,2020,"OSTION DEL SUR",NA
23,2020,"ROBALO",NA
23,2021,"ALMEJA",0.360872639
23,2021,"CENTOLLA",1
23,2021,"CENTOLLON",NA
23,2021,"CHANCHARRO",NA
23,2021,"CHOLGA",NA
23,2021,"CHORITO",NA
23,2021,"CONGRIO COLORADO",NA
23,2021,"CONGRIO DORADO",NA
23,2021,"ERIZO",0.69
23,2021,"LUGA-ROJA",NA
23,2021,"MERLUZA DE COLA",NA
23,2021,"MERLUZA DEL SUR O AUSTRAL",0.85
23,2021,"OSTION DEL SUR",NA
23,2021,"PEJERREY DE MAR",NA
23,2021,"ROBALO",NA
24,2017,"CHORITO",NA
24,2018,"ALMEJA",0.360872639
24,2019,"ALMEJA",0.360872639
24,2020,"ALMEJA",0.360872639
24,2020,"CHOLGA",NA
24,2020,"CHORO",NA
24,2021,"ALMEJA",0.360872639
24,2021,"CHOLGA",NA
24,2021,"CHORITO",NA
25,2017,"ALMEJA",0.360872639
25,2017,"CABRILLA ESPAÑOLA",NA
25,2017,"CHANCHARRO",NA
25,2017,"CULENGUE",NA
25,2017,"ERIZO",0.69
25,2017,"JAIBA MORA",NA
25,2017,"LAPA NEGRA",NA
25,2017,"PICOROCO",NA
25,2017,"PIURE",NA
25,2017,"ROBALO",NA
25,2017,"ROLLIZO",NA
25,2017,"SIERRA",NA
25,2018,"ALMEJA",0.360872639
25,2018,"CABRILLA COMUN",NA
25,2018,"CHANCHARRO",NA
25,2018,"LAPA NEGRA",NA
25,2018,"LAPA REINA",NA
25,2018,"PICOROCO",NA
25,2018,"PIURE",NA
25,2018,"SIERRA",NA
25,2019,"ALMEJA",0.360872639
25,2019,"CABRILLA COMUN",NA
25,2019,"CHANCHARRO",NA
25,2019,"ERIZO",0.69
25,2019,"LAPA NEGRA",NA
25,2019,"LAPA REINA",NA
25,2019,"PICOROCO",NA
25,2019,"PIURE",NA
25,2019,"SIERRA",NA
25,2020,"ALMEJA",0.360872639
25,2020,"COCHAYUYO",NA
25,2020,"ERIZO",0.69
25,2020,"LAPA NEGRA",NA
25,2020,"PICOROCO",NA
25,2020,"PIURE",NA
25,2021,"ALMEJA",0.360872639
25,2021,"ERIZO",0.69
25,2021,"PICOROCO",NA
25,2021,"PIURE",NA
25,2021,"ROBALO",NA
25,2021,"SIERRA",NA
26,2017,"ALMEJA",0.360872639
26,2017,"CENTOLLA",1
26,2017,"CHOLGA",NA
26,2017,"CHORITO",NA
26,2017,"CHORO",NA
26,2017,"CULENGUE",NA
26,2017,"ERIZO",0.69
26,2017,"HUEPO O NAVAJA DE MAR",NA
26,2017,"HUIRO",NA
26,2017,"JAIBA MARMOLA",NA
26,2017,"LUGA-ROJA",NA
26,2017,"LUGA NEGRA O CRESPA",NA
26,2017,"NAVAJUELA",NA
26,2017,"PEJEGALLO",NA
26,2017,"PULPO DEL SUR",NA
26,2017,"ROBALO",NA
26,2017,"ROLLIZO",NA
26,2017,"SARDINA AUSTRAL",1
26,2017,"TUMBAO",NA
26,2018,"ALMEJA",0.360872639
26,2018,"CENTOLLA",1
26,2018,"CHOLGA",NA
26,2018,"CHORO",NA
26,2018,"ERIZO",0.69
26,2018,"HUEPO O NAVAJA DE MAR",NA
26,2018,"HUIRO",NA
26,2018,"JAIBA MARMOLA",NA
26,2018,"LUGA-ROJA",NA
26,2018,"LUGA NEGRA O CRESPA",NA
26,2018,"NAVAJUELA",NA
26,2018,"PEJEGALLO",NA
26,2018,"PULPO DEL SUR",NA
26,2018,"REINETA",1
26,2018,"ROBALO",NA
26,2018,"SARDINA AUSTRAL",1
26,2018,"SARDINA COMUN",NA
26,2019,"ALMEJA",0.360872639
26,2019,"ANCHOVETA",1
26,2019,"BACALADILLO O MOTE",NA
26,2019,"CENTOLLA",1
26,2019,"CHOLGA",NA
26,2019,"CHORO",NA
26,2019,"COJINOBA DEL SUR O AZUL",NA
26,2019,"ERIZO",0.69
26,2019,"HUEPO O NAVAJA DE MAR",NA
26,2019,"HUIRO",NA
26,2019,"JAIBA MARMOLA",NA
26,2019,"LUGA-ROJA",NA
26,2019,"LUGA NEGRA O CRESPA",NA
26,2019,"MERLUZA DEL SUR O AUSTRAL",0.85
26,2019,"NAVAJUELA",NA
26,2019,"PEJEGALLO",NA
26,2019,"PULPO DEL SUR",NA
26,2019,"SARDINA AUSTRAL",1
26,2019,"SARDINA COMUN",NA
26,2019,"SIERRA",NA
26,2020,"ALMEJA",0.360872639
26,2020,"CENTOLLA",1
26,2020,"CHOLGA",NA
26,2020,"CHORO",NA
26,2020,"ERIZO",0.69
26,2020,"HUEPO O NAVAJA DE MAR",NA
26,2020,"HUIRO",NA
26,2020,"JAIBA MARMOLA",NA
26,2020,"JAIBA REINA",NA
26,2020,"LUGA-ROJA",NA
26,2020,"LUGA NEGRA O CRESPA",NA
26,2020,"PEJEGALLO",NA
26,2020,"PULPO DEL SUR",NA
26,2020,"ROLLIZO",NA
26,2020,"SARDINA AUSTRAL",1
26,2020,"SARDINA COMUN",NA
26,2021,"ALMEJA",0.360872639
26,2021,"ANCHOVETA",1
26,2021,"BACALADILLO O MOTE",NA
26,2021,"CENTOLLA",1
26,2021,"CHOLGA",NA
26,2021,"CHORO",NA
26,2021,"CONGRIO COLORADO",NA
26,2021,"ERIZO",0.69
26,2021,"HUIRO",NA
26,2021,"JAIBA MARMOLA",NA
26,2021,"JAIBA REINA",NA
26,2021,"LANGOSTINO DE LOS CANALES",NA
26,2021,"LUGA-ROJA",NA
26,2021,"LUGA NEGRA O CRESPA",NA
26,2021,"MERLUZA DEL SUR O AUSTRAL",0.85
26,2021,"PULPO DEL SUR",NA
26,2021,"ROBALO",NA
26,2021,"SARDINA AUSTRAL",1
26,2021,"SARDINA COMUN",NA
27,2017,"ALMEJA",0.360872639
27,2017,"BACALAO DE PROFUNDIDAD",NA
27,2017,"CARACOL TRUMULCO",NA
27,2017,"CENTOLLA",1
27,2017,"CHOLGA",NA
27,2017,"CHORITO",NA
27,2017,"CHORO",NA
27,2017,"CONGRIO COLORADO",NA
27,2017,"CONGRIO DORADO",NA
27,2017,"CORVINA",NA
27,2017,"CULENGUE",NA
27,2017,"ERIZO",0.69
27,2017,"HUIRO",NA
27,2017,"JAIBA MARMOLA",NA
27,2017,"LUGA-ROJA",NA
27,2017,"LUGA NEGRA O CRESPA",NA
27,2017,"NAVAJUELA",NA
27,2017,"OSTRA CHILENA",NA
27,2017,"PEJEGALLO",NA
27,2017,"PEJERREY DE MAR",NA
27,2017,"PEPINO DE MAR",NA
27,2017,"PULPO DEL SUR",NA
27,2017,"PULPO ENANO",NA
27,2017,"REINETA",1
27,2017,"ROBALO",NA
27,2017,"SIERRA",NA
27,2017,"TOLLO",NA
27,2018,"ALMEJA",0.360872639
27,2018,"BACALAO DE PROFUNDIDAD",NA
27,2018,"CARACOL PALO PALO",NA
27,2018,"CARACOL TRUMULCO",NA
27,2018,"CENTOLLA",1
27,2018,"CHOLGA",NA
27,2018,"CHORITO",NA
27,2018,"CHORO",NA
27,2018,"COCHAYUYO",NA
27,2018,"CONGRIO COLORADO",NA
27,2018,"CONGRIO NEGRO",NA
27,2018,"CORVINA",NA
27,2018,"CULENGUE",NA
27,2018,"ERIZO",0.69
27,2018,"JAIBA MARMOLA",NA
27,2018,"LUGA-ROJA",NA
27,2018,"LUGA NEGRA O CRESPA",NA
27,2018,"NAVAJUELA",NA
27,2018,"PEJEGALLO",NA
27,2018,"PEJERREY DE MAR",NA
27,2018,"PEPINO DE MAR",NA
27,2018,"PULPO DEL SUR",NA
27,2018,"REINETA",1
27,2018,"ROBALO",NA
27,2018,"SARDINA AUSTRAL",1
27,2018,"SARDINA COMUN",NA
27,2018,"SIERRA",NA
27,2018,"TOLLO",NA
27,2019,"ALMEJA",0.360872639
27,2019,"BACALAO DE PROFUNDIDAD",NA
27,2019,"CARACOL PALO PALO",NA
27,2019,"CARACOL TRUMULCO",NA
27,2019,"CENTOLLA",1
27,2019,"CHOLGA",NA
27,2019,"CHORITO",NA
27,2019,"CHORO",NA
27,2019,"CONGRIO COLORADO",NA
27,2019,"CONGRIO DORADO",NA
27,2019,"CORVINA",NA
27,2019,"ERIZO",0.69
27,2019,"HUIRO",NA
27,2019,"JAIBA MARMOLA",NA
27,2019,"JIBIA O CALAMAR ROJO",NA
27,2019,"LUGA-ROJA",NA
27,2019,"LUGA NEGRA O CRESPA",NA
27,2019,"PEJEGALLO",NA
27,2019,"PEJERREY DE MAR",NA
27,2019,"PEPINO DE MAR",NA
27,2019,"PULPO DEL SUR",NA
27,2019,"REINETA",1
27,2019,"ROBALO",NA
27,2019,"ROLLIZO",NA
27,2019,"SIERRA",NA
27,2019,"TOLLO",NA
27,2020,"ALMEJA",0.360872639
27,2020,"ANCHOVETA",1
27,2020,"BACALADILLO O MOTE",NA
27,2020,"BACALAO DE PROFUNDIDAD",NA
27,2020,"BLANQUILLO",NA
27,2020,"CARACOL PALO PALO",NA
27,2020,"CARACOL TRUMULCO",NA
27,2020,"CENTOLLA",1
27,2020,"CHOLGA",NA
27,2020,"CHORITO",NA
27,2020,"CHORO",NA
27,2020,"COCHAYUYO",NA
27,2020,"CONGRIO COLORADO",NA
27,2020,"CORVINA",NA
27,2020,"ERIZO",0.69
27,2020,"JAIBA MARMOLA",NA
27,2020,"JAIBA MORA",NA
27,2020,"JIBIA O CALAMAR ROJO",NA
27,2020,"LUGA-ROJA",NA
27,2020,"LUGA NEGRA O CRESPA",NA
27,2020,"PEJERREY DE MAR",NA
27,2020,"PIURE",NA
27,2020,"PULPO DEL SUR",NA
27,2020,"REINETA",1
27,2020,"ROBALO",NA
27,2020,"ROLLIZO",NA
27,2020,"SARDINA AUSTRAL",1
27,2020,"SARDINA COMUN",NA
27,2020,"SIERRA",NA
27,2021,"ALMEJA",0.360872639
27,2021,"BACALAO DE PROFUNDIDAD",NA
27,2021,"BLANQUILLO",NA
27,2021,"CARACOL TRUMULCO",NA
27,2021,"CENTOLLA",1
27,2021,"CHOLGA",NA
27,2021,"CHORITO",NA
27,2021,"CHORO",NA
27,2021,"CORVINA",NA
27,2021,"ERIZO",0.69
27,2021,"JAIBA MARMOLA",NA
27,2021,"JAIBA MORA",NA
27,2021,"LUGA-ROJA",NA
27,2021,"LUGA NEGRA O CRESPA",NA
27,2021,"NAVAJUELA",NA
27,2021,"OSTRA CHILENA",NA
27,2021,"PEJERREY DE MAR",NA
27,2021,"PULPO DEL SUR",NA
27,2021,"REINETA",1
27,2021,"ROBALO",NA
27,2021,"ROLLIZO",NA
27,2021,"SARDINA AUSTRAL",1
27,2021,"SIERRA",NA
28,2017,"ALMEJA",0.360872639
28,2017,"CABRILLA COMUN",NA
28,2017,"CENTOLLA",1
28,2017,"CENTOLLON",NA
28,2017,"CHOLGA",NA
28,2017,"CHORO",NA
28,2017,"CONGRIO COLORADO",NA
28,2017,"CONGRIO DORADO",NA
28,2017,"CONGRIO NEGRO",NA
28,2017,"CULENGUE",NA
28,2017,"ERIZO",0.69
28,2017,"HUEPO O NAVAJA DE MAR",NA
28,2017,"JAIBA MARMOLA",NA
28,2017,"JULIANA O TAWERA",0.85
28,2017,"LUGA-ROJA",NA
28,2017,"LUGA NEGRA O CRESPA",NA
28,2017,"MERLUZA DEL SUR O AUSTRAL",0.85
28,2017,"NAVAJUELA",NA
28,2017,"PEJEGALLO",NA
28,2017,"PEJERREY DE MAR",NA
28,2017,"PELILLO",NA
28,2017,"PULPO DEL SUR",NA
28,2017,"ROBALO",NA
28,2017,"ROLLIZO",NA
28,2017,"SIERRA",NA
28,2017,"TUMBAO",NA
28,2018,"ALMEJA",0.360872639
28,2018,"CABRILLA COMUN",NA
28,2018,"CARACOL PALO PALO",NA
28,2018,"CENTOLLA",1
28,2018,"CHANCHARRO",NA
28,2018,"CHOLGA",NA
28,2018,"CHORITO",NA
28,2018,"CHORO",NA
28,2018,"COCHAYUYO",NA
28,2018,"CONGRIO COLORADO",NA
28,2018,"CONGRIO DORADO",NA
28,2018,"CONGRIO NEGRO",NA
28,2018,"CORVINA",NA
28,2018,"CULENGUE",NA
28,2018,"ERIZO",0.69
28,2018,"HUEPO O NAVAJA DE MAR",NA
28,2018,"JAIBA MARMOLA",NA
28,2018,"JULIANA O TAWERA",0.85
28,2018,"LUCHE",NA
28,2018,"LUGA-ROJA",NA
28,2018,"LUGA NEGRA O CRESPA",NA
28,2018,"MERLUZA DEL SUR O AUSTRAL",0.85
28,2018,"NAVAJUELA",NA
28,2018,"PEJEGALLO",NA
28,2018,"PEJERREY DE MAR",NA
28,2018,"PULPO DEL SUR",NA
28,2018,"RAYA VOLANTIN",NA
28,2018,"ROBALO",NA
28,2018,"ROLLIZO",NA
28,2018,"SARDINA AUSTRAL",1
28,2018,"TUMBAO",NA
28,2019,"ALMEJA",0.360872639
28,2019,"CENTOLLA",1
28,2019,"CENTOLLON",NA
28,2019,"CHANCHARRO",NA
28,2019,"CHOLGA",NA
28,2019,"CHORO",NA
28,2019,"CONGRIO COLORADO",NA
28,2019,"CONGRIO DORADO",NA
28,2019,"CONGRIO NEGRO",NA
28,2019,"CORVINA",NA
28,2019,"CULENGUE",NA
28,2019,"ERIZO",0.69
28,2019,"HUEPO O NAVAJA DE MAR",NA
28,2019,"JAIBA MARMOLA",NA
28,2019,"JULIANA O TAWERA",0.85
28,2019,"LUCHE",NA
28,2019,"LUGA-ROJA",NA
28,2019,"LUGA NEGRA O CRESPA",NA
28,2019,"MERLUZA DEL SUR O AUSTRAL",0.85
28,2019,"NAVAJUELA",NA
28,2019,"PEJEGALLO",NA
28,2019,"PEJERREY DE MAR",NA
28,2019,"PULPO DEL SUR",NA
28,2019,"RAYA ESPINOSA",NA
28,2019,"RAYA VOLANTIN",NA
28,2019,"ROBALO",NA
28,2019,"ROLLIZO",NA
28,2019,"SARDINA AUSTRAL",1
28,2019,"SIERRA",NA
28,2019,"TOLLO",NA
28,2019,"TUMBAO",NA
28,2020,"ALMEJA",0.360872639
28,2020,"ATUN LANZON",NA
28,2020,"CENTOLLA",1
28,2020,"CHANCHARRO",NA
28,2020,"CHOLGA",NA
28,2020,"CHORITO",NA
28,2020,"CHORO",NA
28,2020,"CONGRIO COLORADO",NA
28,2020,"CONGRIO DORADO",NA
28,2020,"CORVINA",NA
28,2020,"CULENGUE",NA
28,2020,"ERIZO",0.69
28,2020,"JAIBA MARMOLA",NA
28,2020,"JULIANA O TAWERA",0.85
28,2020,"LUGA-ROJA",NA
28,2020,"MERLUZA DE COLA",NA
28,2020,"MERLUZA DEL SUR O AUSTRAL",0.85
28,2020,"NAVAJUELA",NA
28,2020,"PEJEGALLO",NA
28,2020,"PEJERREY DE MAR",NA
28,2020,"PULPO DEL SUR",NA
28,2020,"RAYA ESPINOSA",NA
28,2020,"ROBALO",NA
28,2020,"ROLLIZO",NA
28,2020,"SIERRA",NA
28,2020,"TOLLO",NA
28,2020,"TUMBAO",NA
28,2021,"ALMEJA",0.360872639
28,2021,"CENTOLLA",1
28,2021,"CENTOLLON",NA
28,2021,"CHANCHARRO",NA
28,2021,"CHOLGA",NA
28,2021,"CHORO",NA
28,2021,"CONGRIO COLORADO",NA
28,2021,"CONGRIO DORADO",NA
28,2021,"CONGRIO NEGRO",NA
28,2021,"CORVINA",NA
28,2021,"CULENGUE",NA
28,2021,"ERIZO",0.69
28,2021,"JAIBA MARMOLA",NA
28,2021,"JULIANA O TAWERA",0.85
28,2021,"LUGA-ROJA",NA
28,2021,"MERLUZA COMUN",NA
28,2021,"MERLUZA DEL SUR O AUSTRAL",0.85
28,2021,"NAVAJUELA",NA
28,2021,"OSTRA CHILENA",NA
28,2021,"PEJEGALLO",NA
28,2021,"PEJERREY DE MAR",NA
28,2021,"PULPO DEL SUR",NA
28,2021,"ROBALO",NA
28,2021,"ROLLIZO",NA
28,2021,"SIERRA",NA
28,2021,"TOLLO",NA
28,2021,"TUMBAO",NA
29,2017,"ALMEJA",0.360872639
29,2017,"CABRILLA COMUN",NA
29,2017,"CENTOLLA",1
29,2017,"CONGRIO DORADO",NA
29,2017,"ERIZO",0.69
29,2017,"HUIRO",NA
29,2017,"JAIBA MARMOLA",NA
29,2017,"LUGA-ROJA",NA
29,2017,"LUGA NEGRA O CRESPA",NA
29,2017,"MERLUZA DEL SUR O AUSTRAL",0.85
29,2017,"ROBALO",NA
29,2018,"ALMEJA",0.360872639
29,2018,"BROTULA",NA
29,2018,"CENTOLLA",1
29,2018,"CHOLGA",NA
29,2018,"CHORO",NA
29,2018,"CONGRIO DORADO",NA
29,2018,"ERIZO",0.69
29,2018,"HUIRO",NA
29,2018,"LUGA NEGRA O CRESPA",NA
29,2018,"MERLUZA DEL SUR O AUSTRAL",0.85
29,2018,"OSTRA CHILENA",NA
29,2018,"PEJEGALLO",NA
29,2018,"PEJERREY DE MAR",NA
29,2018,"PULPO DEL SUR",NA
29,2018,"ROBALO",NA
29,2018,"SIERRA",NA
29,2019,"ALMEJA",0.360872639
29,2019,"CENTOLLA",1
29,2019,"CONGRIO DORADO",NA
29,2019,"ERIZO",0.69
29,2019,"LUGA NEGRA O CRESPA",NA
29,2019,"MERLUZA DEL SUR O AUSTRAL",0.85
29,2019,"PULPO DEL SUR",NA
29,2020,"CHOLGA",NA
29,2020,"CONGRIO COLORADO",NA
29,2020,"CONGRIO DORADO",NA
29,2020,"ERIZO",0.69
29,2020,"JULIANA O TAWERA",0.85
29,2020,"LUGA NEGRA O CRESPA",NA
29,2020,"MERLUZA DEL SUR O AUSTRAL",0.85
29,2020,"PEJEGALLO",NA
29,2020,"PULPO DEL SUR",NA
29,2020,"ROBALO",NA
29,2020,"ROLLIZO",NA
29,2021,"ALMEJA",0.360872639
29,2021,"CENTOLLA",1
29,2021,"CHOLGA",NA
29,2021,"CONGRIO DORADO",NA
29,2021,"ERIZO",0.69
29,2021,"LUGA-ROJA",NA
29,2021,"MERLUZA DEL SUR O AUSTRAL",0.85
29,2021,"PEJEGALLO",NA
29,2021,"PEJERREY DE MAR",NA
29,2021,"PULPO DEL SUR",NA
29,2021,"RAYA ESPINOSA",NA
29,2021,"ROBALO",NA
29,2021,"SIERRA",NA
30,2017,"CHOLGA",NA
31,2017,"ALMEJA",0.360872639
31,2017,"CENTOLLA",1
31,2017,"CENTOLLON",NA
31,2017,"CHOLGA",NA
31,2017,"CONGRIO DORADO",NA
31,2017,"ERIZO",0.69
31,2017,"LUGA-ROJA",NA
31,2017,"PEJERREY DE MAR",NA
31,2017,"ROBALO",NA
31,2018,"ALMEJA",0.360872639
31,2018,"CENTOLLA",1
31,2018,"CENTOLLON",NA
31,2018,"CHOLGA",NA
31,2018,"COJINOBA DEL SUR O AZUL",NA
31,2018,"CONGRIO DORADO",NA
31,2018,"ERIZO",0.69
31,2018,"LUGA-ROJA",NA
31,2018,"MERLUZA DEL SUR O AUSTRAL",0.85
31,2018,"ROBALO",NA
31,2019,"CENTOLLA",1
31,2019,"CENTOLLON",NA
31,2019,"CHOLGA",NA
31,2019,"ERIZO",0.69
31,2020,"CENTOLLA",1
31,2020,"CENTOLLON",NA
31,2020,"ERIZO",0.69
31,2020,"LUGA-ROJA",NA
31,2020,"ROBALO",NA
31,2021,"CENTOLLA",1
31,2021,"CENTOLLON",NA
31,2021,"ROBALO",NA
33,2017,"ALMEJA",0.360872639
33,2017,"BONITO",NA
33,2017,"CABRILLA ESPAÑOLA",NA
33,2017,"CHORO",NA
33,2017,"COCHAYUYO",NA
33,2017,"COJINOBA DEL SUR O AZUL",NA
33,2017,"CONGRIO COLORADO",NA
33,2017,"CORVINA",NA
33,2017,"ERIZO",0.69
33,2017,"HUIRO NEGRO O CHASCON",NA
33,2017,"HUIRO PALO",NA
33,2017,"JAIBA MORA",NA
33,2017,"JAIBA PELUDA O PACHONA",NA
33,2017,"LAPA ROSADA",NA
33,2017,"LUGA NEGRA O CRESPA",NA
33,2017,"PEJEGALLO",NA
33,2017,"PIURE",NA
33,2017,"REINETA",1
33,2017,"ROBALO",NA
33,2017,"SIERRA",NA
33,2018,"BLANQUILLO",NA
33,2018,"CABRILLA COMUN",NA
33,2018,"CHANCHARRO",NA
33,2018,"CHORITO",NA
33,2018,"CHORO",NA
33,2018,"COCHAYUYO",NA
33,2018,"CONGRIO COLORADO",NA
33,2018,"CORVINA",NA
33,2018,"ERIZO",0.69
33,2018,"HUIRO NEGRO O CHASCON",NA
33,2018,"JAIBA MORA",NA
33,2018,"JAIBA PACO",NA
33,2018,"JAIBA REMADORA",NA
33,2018,"JIBIA O CALAMAR ROJO",NA
33,2018,"LAPA NEGRA",NA
33,2018,"LAPA ROSADA",NA
33,2018,"LUGA NEGRA O CRESPA",NA
33,2018,"PEJEGALLO",NA
33,2018,"PICOROCO",NA
33,2018,"PIURE",NA
33,2018,"PULPO ENANO",NA
33,2018,"RAYA VOLANTIN",NA
33,2018,"SIERRA",NA
33,2019,"BLANQUILLO",NA
33,2019,"CABRILLA COMUN",NA
33,2019,"CABRILLA ESPAÑOLA",NA
33,2019,"CHANCHARRO",NA
33,2019,"CHORO",NA
33,2019,"COCHAYUYO",NA
33,2019,"CONGRIO COLORADO",NA
33,2019,"CORVINA",NA
33,2019,"ERIZO",0.69
33,2019,"JAIBA MARMOLA",NA
33,2019,"JAIBA MORA",NA
33,2019,"JAIBA PACO",NA
33,2019,"JAIBA REINA",NA
33,2019,"JAIBA REMADORA",NA
33,2019,"LAPA NEGRA",NA
33,2019,"LAPA ROSADA",NA
33,2019,"PEJEGALLO",NA
33,2019,"PEJERREY DE MAR",NA
33,2019,"PIURE",NA
33,2019,"RAYA VOLANTIN",NA
33,2019,"ROLLIZO",NA
33,2019,"SIERRA",NA
33,2019,"VIEJA O MULATA",NA
33,2020,"BROTULA",NA
33,2020,"CABRILLA COMUN",NA
33,2020,"CABRILLA ESPAÑOLA",NA
33,2020,"CHANCHARRO",NA
33,2020,"COCHAYUYO",NA
33,2020,"CONGRIO COLORADO",NA
33,2020,"ERIZO",0.69
33,2020,"JAIBA MORA",NA
33,2020,"JAIBA PACO",NA
33,2020,"JAIBA PELUDA O PACHONA",NA
33,2020,"JAIBA REINA",NA
33,2020,"JAIBA REMADORA",NA
33,2020,"LAPA NEGRA",NA
33,2020,"LENGUADO",NA
33,2020,"PEJEGALLO",NA
33,2020,"PICOROCO",NA
33,2020,"PIURE",NA
33,2020,"PULPO ENANO",NA
33,2020,"RAYA ESPINOSA",NA
33,2020,"RAYA VOLANTIN",NA
33,2020,"REINETA",1
33,2020,"ROLLIZO",NA
33,2020,"SIERRA",NA
33,2021,"CHANCHARRO",NA
33,2021,"COCHAYUYO",NA
33,2021,"CONGRIO COLORADO",NA
33,2021,"CORVINA",NA
33,2021,"ERIZO",0.69
33,2021,"HUIRO NEGRO O CHASCON",NA
33,2021,"JAIBA PACO",NA
33,2021,"JAIBA REINA",NA
33,2021,"JAIBA REMADORA",NA
33,2021,"LAPA NEGRA",NA
33,2021,"LAPA ROSADA",NA
33,2021,"LENGUADO",NA
33,2021,"PEJEGALLO",NA
33,2021,"PIURE",NA
33,2021,"RAYA ESPINOSA",NA
33,2021,"RAYA VOLANTIN",NA
33,2021,"ROLLIZO",NA
33,2021,"SIERRA",NA
36,2017,"CONGRIO DORADO",NA
36,2017,"LUGA-ROJA",NA
36,2018,"CENTOLLA",1
36,2018,"COJINOBA DEL SUR O AZUL",NA
36,2018,"CONGRIO DORADO",NA
36,2018,"JAIBA MARMOLA",NA
36,2018,"LUGA-ROJA",NA
36,2018,"MERLUZA DEL SUR O AUSTRAL",0.85
36,2018,"REINETA",1
36,2019,"CENTOLLA",1
36,2019,"CONGRIO DORADO",NA
36,2019,"LUGA-ROJA",NA
36,2019,"MERLUZA DEL SUR O AUSTRAL",0.85
36,2019,"REINETA",1
36,2020,"CENTOLLA",1
36,2020,"CONGRIO DORADO",NA
36,2020,"JAIBA MARMOLA",NA
36,2020,"MERLUZA DEL SUR O AUSTRAL",0.85
36,2020,"PEJERREY DE MAR",NA
36,2020,"RAYA ESPINOSA",NA
36,2020,"RAYA VOLANTIN",NA
36,2020,"REINETA",1
36,2020,"ROBALO",NA
36,2021,"LUGA-ROJA",NA
