rgn_id;Year;Spp;bbmsy
1;2017;ALMEJA;0.360872639
1;2017;BACALAO DE PROFUNDIDAD;
1;2017;CARACOL PALO PALO;
1;2017;CARACOL PICUYO;
1;2017;CARACOL TEGULA;
1;2017;CENTOLLA;1
1;2017;CHOLGA;
1;2017;CHORITO;
1;2017;CHORO;
1;2017;CONGRIO COLORADO;
1;2017;CONGRIO DORADO;
1;2017;CONGRIO NEGRO;
1;2017;CORVINA;
1;2017;CULENGUE;
1;2017;ERIZO;0.69
1;2017;HUEPO O NAVAJA DE MAR;
1;2017;HUIRO;
1;2017;HUIRO PALO;
1;2017;JAIBA MARMOLA;
1;2017;JAIBA PANCHOTE O CANGREJO;
1;2017;JAIBA PELUDA O PACHONA;
1;2017;JAIBA REINA;
1;2017;LAPA NEGRA;
1;2017;LUGA-ROJA;
1;2017;LUGA NEGRA O CRESPA;
1;2017;MERLUZA DEL SUR O AUSTRAL;0.85
1;2017;NAVAJUELA;
1;2017;OSTRA CHILENA;
1;2017;PEJEGALLO;
1;2017;PEJERREY DE MAR;
1;2017;PELILLO;
1;2017;PEPINO DE MAR;
1;2017;PICOROCO;
1;2017;PIURE;
1;2017;PULPO DEL SUR;
1;2017;REINETA;1
1;2017;ROBALO;
1;2017;ROLLIZO;
1;2017;SIERRA;
1;2017;TAQUILLA;
1;2017;TOLLO;
1;2017;TUMBAO;
1;2018;ALMEJA;0.360872639
1;2018;BACALAO DE PROFUNDIDAD;
1;2018;CABRILLA ESPAÑOLA;
1;2018;CARACOL PALO PALO;
1;2018;CARACOL PICUYO;
1;2018;CENTOLLA;1
1;2018;CHANCHARRO;
1;2018;CHICOREA DE MAR;
1;2018;CHOLGA;
1;2018;CHORITO;
1;2018;CHORO;
1;2018;COCHAYUYO;
1;2018;COJINOBA DEL SUR O AZUL;
1;2018;CONGRIO COLORADO;
1;2018;CONGRIO DORADO;
1;2018;CONGRIO NEGRO;
1;2018;CORVINA;
1;2018;CULENGUE;
1;2018;ERIZO;0.69
1;2018;HUEPO O NAVAJA DE MAR;
1;2018;HUIRO;
1;2018;JAIBA MARMOLA;
1;2018;JAIBA MORA;
1;2018;JAIBA PANCHOTE O CANGREJO;
1;2018;JAIBA PANCORA;
1;2018;JAIBA PELUDA O PACHONA;
1;2018;JAIBA REINA;
1;2018;JAIBA REMADORA;
1;2018;JUREL;
1;2018;LAPA NEGRA;
1;2018;LENGUADO;
1;2018;LUCHE;
1;2018;LUGA-ROJA;
1;2018;LUGA NEGRA O CRESPA;
1;2018;MERLUZA DEL SUR O AUSTRAL;0.85
1;2018;NAVAJUELA;
1;2018;OSTRA CHILENA;
1;2018;PEJEGALLO;
1;2018;PEJERREY DE MAR;
1;2018;PELILLO;
1;2018;PEPINO DE MAR;
1;2018;PIURE;
1;2018;PULPO DEL SUR;
1;2018;RAYA ESPINOSA;
1;2018;RAYA VOLANTIN;
1;2018;REINETA;1
1;2018;ROBALO;
1;2018;ROLLIZO;
1;2018;SIERRA;
1;2018;TOLLO;
1;2018;TUMBAO;
1;2019;ALMEJA;0.360872639
1;2019;BACALAO DE PROFUNDIDAD;
1;2019;CARACOL PALO PALO;
1;2019;CARACOL PICUYO;
1;2019;CARACOL RUBIO;
1;2019;CARACOL TEGULA;
1;2019;CAROLA;
1;2019;CENTOLLA;1
1;2019;CHANCHARRO;
1;2019;CHOLGA;
1;2019;CHORITO;
1;2019;CHORO;
1;2019;COCHAYUYO;
1;2019;COJINOBA DEL SUR O AZUL;
1;2019;CONGRIO COLORADO;
1;2019;CONGRIO DORADO;
1;2019;CONGRIO NEGRO;
1;2019;CORVINA;
1;2019;CULENGUE;
1;2019;ERIZO;0.69
1;2019;HUEPO O NAVAJA DE MAR;
1;2019;HUIRO;
1;2019;JAIBA MARMOLA;
1;2019;JAIBA MORA;
1;2019;JAIBA PANCHOTE O CANGREJO;
1;2019;JAIBA PELUDA O PACHONA;
1;2019;JAIBA REINA;
1;2019;JIBIA O CALAMAR ROJO;
1;2019;LAPA NEGRA;
1;2019;LUGA-ROJA;
1;2019;LUGA NEGRA O CRESPA;
1;2019;MERLUZA DEL SUR O AUSTRAL;0.85
1;2019;NAVAJUELA;
1;2019;OSTRA CHILENA;
1;2019;PEJEGALLO;
1;2019;PEJERREY DE MAR;
1;2019;PEJESAPO;
1;2019;PEPINO DE MAR;
1;2019;PIURE;
1;2019;PULPO DEL SUR;
1;2019;RAYA ESPINOSA;
1;2019;RAYA VOLANTIN;
1;2019;REINETA;1
1;2019;ROBALO;
1;2019;ROLLIZO;
1;2019;SIERRA;
1;2019;TAQUILLA;
1;2019;TIBURON FUME, GRIS O GATA DE MAR;
1;2019;TOLLO;
1;2019;TUMBAO;
1;2020;ALMEJA;0.360872639
1;2020;ANGUILA BABOSA;
1;2020;ANGUILA COMUN;
1;2020;CARACOL PALO PALO;
1;2020;CAROLA;
1;2020;CENTOLLA;1
1;2020;CHANCHARRO;
1;2020;CHICOREA DE MAR;
1;2020;CHOLGA;
1;2020;CHORITO;
1;2020;CHORO;
1;2020;COCHAYUYO;
1;2020;CONGRIO COLORADO;
1;2020;CONGRIO DORADO;
1;2020;CONGRIO NEGRO;
1;2020;CONGRIO PLATEADO;
1;2020;CORVINA;
1;2020;CULENGUE;
1;2020;ERIZO;0.69
1;2020;HUEPO O NAVAJA DE MAR;
1;2020;JAIBA MARMOLA;
1;2020;JAIBA MORA;
1;2020;JAIBA PANCHOTE O CANGREJO;
1;2020;JAIBA PELUDA O PACHONA;
1;2020;JAIBA REINA;
1;2020;JAIBA REMADORA;
1;2020;LUGA-ROJA;
1;2020;LUGA NEGRA O CRESPA;
1;2020;MERLUZA DEL SUR O AUSTRAL;0.85
1;2020;NAVAJUELA;
1;2020;OSTRA CHILENA;
1;2020;PEJEGALLO;
1;2020;PEJERREY DE MAR;
1;2020;PEPINO DE MAR;
1;2020;PICOROCO;
1;2020;PIURE;
1;2020;PULPO DEL SUR;
1;2020;RAYA ESPINOSA;
1;2020;RAYA VOLANTIN;
1;2020;REINETA;1
1;2020;ROBALO;
1;2020;ROLLIZO;
1;2020;SIERRA;
1;2020;TIBURON FUME, GRIS O GATA DE MAR;
1;2020;TOLLO;
1;2020;TUMBAO;
1;2021;ALMEJA;0.360872639
1;2021;ANGUILA BABOSA;
1;2021;BACALAO DE PROFUNDIDAD;
1;2021;CARACOL PALO PALO;
1;2021;CARACOL PICUYO;
1;2021;CAROLA;
1;2021;CENTOLLA;1
1;2021;CHANCHARRO;
1;2021;CHOLGA;
1;2021;CHORITO;
1;2021;CHORO;
1;2021;COCHAYUYO;
1;2021;CONGRIO COLORADO;
1;2021;CONGRIO DORADO;
1;2021;CONGRIO NEGRO;
1;2021;CONGRIO PLATEADO;
1;2021;CORVINA;
1;2021;ERIZO;0.69
1;2021;HUEPO O NAVAJA DE MAR;
1;2021;HUIRO;
1;2021;JAIBA MARMOLA;
1;2021;JAIBA MORA;
1;2021;JAIBA PANCHOTE O CANGREJO;
1;2021;JAIBA PELUDA O PACHONA;
1;2021;JAIBA REINA;
1;2021;JAIBA REMADORA;
1;2021;LAPA BONETE;
1;2021;LAPA NEGRA;
1;2021;LUGA-ROJA;
1;2021;LUGA NEGRA O CRESPA;
1;2021;MERLUZA COMUN;
1;2021;MERLUZA DEL SUR O AUSTRAL;0.85
1;2021;NAVAJUELA;
1;2021;OSTRA CHILENA;
1;2021;PEJEGALLO;
1;2021;PEJERREY DE MAR;
1;2021;PICOROCO;
1;2021;PIURE;
1;2021;PULPO DEL SUR;
1;2021;RAYA ESPINOSA;
1;2021;RAYA VOLANTIN;
1;2021;REINETA;1
1;2021;ROBALO;
1;2021;ROLLIZO;
1;2021;SIERRA;
1;2021;TIBURON FUME, GRIS O GATA DE MAR;
1;2021;TOLLO;
1;2021;TUMBAO;
2;2017;ALMEJA;0.360872639
2;2017;BROTULA;
2;2017;CABRILLA COMUN;
2;2017;CABRILLA ESPAÑOLA;
2;2017;CARACOL LOCATE;
2;2017;CARACOL PALO PALO;
2;2017;CENTOLLA;1
2;2017;CHANCHARRO;
2;2017;CHOLGA;
2;2017;CHORITO;
2;2017;CHORO;
2;2017;COJINOBA DEL SUR O AZUL;
2;2017;CONGRIO COLORADO;
2;2017;CONGRIO DORADO;
2;2017;CONGRIO NEGRO;
2;2017;CULENGUE;
2;2017;ERIZO;0.69
2;2017;JAIBA MARMOLA;
2;2017;JAIBA REMADORA;
2;2017;JUREL;
2;2017;LAPA NEGRA;
2;2017;LENGUADO;
2;2017;LUCHE;
2;2017;MERLUZA DEL SUR O AUSTRAL;0.85
2;2017;PEJERREY DE MAR;
2;2017;PULPO DEL SUR;
2;2017;PUYE;
2;2017;REINETA;1
2;2017;ROBALO;
2;2017;ROLLIZO;
2;2017;SARDINA AUSTRAL;1
2;2017;SIERRA;
2;2018;ALMEJA;0.360872639
2;2018;CARACOL LOCATE;
2;2018;CARACOL PALO PALO;
2;2018;CENTOLLA;1
2;2018;CHOLGA;
2;2018;CHORITO;
2;2018;CHORO;
2;2018;COJINOBA DEL SUR O AZUL;
2;2018;CONGRIO DORADO;
2;2018;CULENGUE;
2;2018;ERIZO;0.69
2;2018;JAIBA MARMOLA;
2;2018;LAPA NEGRA;
2;2018;LUCHE;
2;2018;LUGA-ROJA;
2;2018;MERLUZA DEL SUR O AUSTRAL;0.85
2;2018;PEJERREY DE MAR;
2;2018;RAYA ESPINOSA;
2;2018;RAYA VOLANTIN;
2;2018;REINETA;1
2;2018;ROBALO;
2;2018;ROLLIZO;
2;2018;SARDINA AUSTRAL;1
2;2018;TOLLO;
2;2019;ALMEJA;0.360872639
2;2019;BLANQUILLO;
2;2019;CABRILLA ESPAÑOLA;
2;2019;CARACOL PALO PALO;
2;2019;CENTOLLA;1
2;2019;CENTOLLON;
2;2019;CHANCHARRO;
2;2019;CHOLGA;
2;2019;CHORITO;
2;2019;CHORO;
2;2019;CONGRIO COLORADO;
2;2019;CONGRIO DORADO;
2;2019;ERIZO;0.69
2;2019;JAIBA MARMOLA;
2;2019;LUGA-ROJA;
2;2019;MERLUZA DEL SUR O AUSTRAL;0.85
2;2019;PEJERREY DE MAR;
2;2019;PULPO DEL SUR;
2;2019;PUYE;
2;2019;RAYA VOLANTIN;
2;2019;ROBALO;
2;2019;ROLLIZO;
2;2019;SARDINA AUSTRAL;1
2;2020;ALMEJA;0.360872639
2;2020;CARACOL PALO PALO;
2;2020;CENTOLLA;1
2;2020;CHOLGA;
2;2020;CHORITO;
2;2020;CHORO;
2;2020;CONGRIO DORADO;
2;2020;CULENGUE;
2;2020;ERIZO;0.69
2;2020;JAIBA MARMOLA;
2;2020;MERLUZA DEL SUR O AUSTRAL;0.85
2;2020;PEJERREY DE MAR;
2;2020;ROBALO;
2;2020;ROLLIZO;
2;2020;SARDINA AUSTRAL;1
2;2020;SIERRA;
2;2021;ALMEJA;0.360872639
2;2021;ANCHOVETA;1
2;2021;BLANQUILLO;
2;2021;CENTOLLA;1
2;2021;CHOLGA;
2;2021;CHORITO;
2;2021;CHORO;
2;2021;CONGRIO COLORADO;
2;2021;CONGRIO DORADO;
2;2021;CULENGUE;
2;2021;ERIZO;0.69
2;2021;JAIBA MARMOLA;
2;2021;JAIBA MORA;
2;2021;LAPA NEGRA;
2;2021;LUCHE;
2;2021;MERLUZA DEL SUR O AUSTRAL;0.85
2;2021;PEJERREY DE MAR;
2;2021;ROBALO;
2;2021;ROLLIZO;
2;2021;SARDINA AUSTRAL;1
3;2017;CENTOLLA;1
3;2017;CENTOLLON;
3;2018;CENTOLLA;1
3;2018;CENTOLLON;
3;2019;CENTOLLA;1
3;2019;CENTOLLON;
3;2019;ERIZO;0.69
3;2020;CENTOLLA;1
3;2020;CENTOLLON;
3;2021;CENTOLLA;1
3;2021;CENTOLLON;
3;2021;CONGRIO DORADO;
4;2017;ALMEJA;0.360872639
4;2017;ANCHOVETA;1
4;2017;BACALADILLO O MOTE;
4;2017;BACALAO DE PROFUNDIDAD;
4;2017;CABRILLA COMUN;
4;2017;CALAMAR;
4;2017;CARACOL PALO PALO;
4;2017;CARACOL TEGULA;
4;2017;CENTOLLA;1
4;2017;CHANCHARRO;
4;2017;CHOLGA;
4;2017;CHORITO;
4;2017;CHORO;
4;2017;CONGRIO COLORADO;
4;2017;CONGRIO DORADO;
4;2017;CONGRIO NEGRO;
4;2017;CORVINA;
4;2017;CULENGUE;
4;2017;ERIZO;0.69
4;2017;HUEPO O NAVAJA DE MAR;
4;2017;JAIBA MARMOLA;
4;2017;JAIBA MORA;
4;2017;JAIBA PANCORA;
4;2017;JAIBA REINA;
4;2017;JUREL;
4;2017;LANGOSTINO DE LOS CANALES;
4;2017;LANGOSTINO ENANO;
4;2017;LUCHE;
4;2017;LUGA-ROJA;
4;2017;LUGA NEGRA O CRESPA;
4;2017;MERLUZA COMUN;
4;2017;MERLUZA DEL SUR O AUSTRAL;0.85
4;2017;NAVAJUELA;
4;2017;OSTRA CHILENA;
4;2017;PAMPANITO;
4;2017;PEJEGALLO;
4;2017;PEJERREY DE MAR;
4;2017;PELILLO;
4;2017;PICOROCO;
4;2017;PIURE;
4;2017;PULPO DEL SUR;
4;2017;PULPO ENANO;
4;2017;REINETA;1
4;2017;ROBALO;
4;2017;ROLLIZO;
4;2017;SARDINA AUSTRAL;1
4;2017;SARDINA COMUN;
4;2017;SIERRA;
4;2017;TIBURON FUME, GRIS O GATA DE MAR;
4;2017;TOLLO;
4;2017;TUMBAO;
4;2018;ALMEJA;0.360872639
4;2018;ANCHOVETA;1
4;2018;BACALADILLO O MOTE;
4;2018;BACALAO DE PROFUNDIDAD;
4;2018;CABRILLA COMUN;
4;2018;CARACOL PALO PALO;
4;2018;CENTOLLA;1
4;2018;CHOLGA;
4;2018;CHORITO;
4;2018;CHORO;
4;2018;COJINOBA DEL NORTE / PIAFRI;
4;2018;CONGRIO COLORADO;
4;2018;CONGRIO DORADO;
4;2018;CONGRIO NEGRO;
4;2018;CORVINA;
4;2018;CULENGUE;
4;2018;ERIZO;0.69
4;2018;HUEPO O NAVAJA DE MAR;
4;2018;JAIBA MARMOLA;
4;2018;JAIBA MORA;
4;2018;JAIBA PANCORA;
4;2018;JULIANA O TAWERA;0.85
4;2018;JUREL;
4;2018;LANGOSTINO DE LOS CANALES;
4;2018;LUGA-ROJA;
4;2018;LUGA NEGRA O CRESPA;
4;2018;MERLUZA DEL SUR O AUSTRAL;0.85
4;2018;NAVAJUELA;
4;2018;PAMPANITO;
4;2018;PEJEGALLO;
4;2018;PEJERREY DE MAR;
4;2018;PEPINO DE MAR;
4;2018;PICOROCO;
4;2018;PIURE;
4;2018;PULPO DEL SUR;
4;2018;RAYA ESPINOSA;
4;2018;RAYA VOLANTIN;
4;2018;REINETA;1
4;2018;ROBALO;
4;2018;ROLLIZO;
4;2018;SARDINA AUSTRAL;1
4;2018;SARDINA COMUN;
4;2018;SIERRA;
4;2018;TIBURON FUME, GRIS O GATA DE MAR;
4;2018;TOLLO;
4;2018;TUMBAO;
4;2019;ALMEJA;0.360872639
4;2019;ANCHOVETA;1
4;2019;BACALADILLO O MOTE;
4;2019;BACALAO DE PROFUNDIDAD;
4;2019;CALAMAR;
4;2019;CARACOL RUBIO;
4;2019;CENTOLLA;1
4;2019;CHANCHARRO;
4;2019;CHOLGA;
4;2019;CHORITO;
4;2019;CHORO;
4;2019;COCHAYUYO;
4;2019;CONGRIO COLORADO;
4;2019;CONGRIO DORADO;
4;2019;CONGRIO NEGRO;
4;2019;CORVINA;
4;2019;CULENGUE;
4;2019;ERIZO;0.69
4;2019;HUEPO O NAVAJA DE MAR;
4;2019;JAIBA MARMOLA;
4;2019;JUREL;
4;2019;LANGOSTINO DE LOS CANALES;
4;2019;LUGA-ROJA;
4;2019;LUGA NEGRA O CRESPA;
4;2019;MERLUZA DEL SUR O AUSTRAL;0.85
4;2019;NAVAJUELA;
4;2019;OSTRA CHILENA;
4;2019;PAMPANITO;
4;2019;PEJEGALLO;
4;2019;PEJERREY DE MAR;
4;2019;PEPINO DE MAR;
4;2019;PICOROCO;
4;2019;PIURE;
4;2019;PULPO DEL NORTE;
4;2019;PULPO DEL SUR;
4;2019;RAYA ESPINOSA;
4;2019;RAYA VOLANTIN;
4;2019;REINETA;1
4;2019;ROBALO;
4;2019;ROLLIZO;
4;2019;SARDINA AUSTRAL;1
4;2019;SARDINA COMUN;
4;2019;SIERRA;
4;2019;TOLLO;
4;2019;TUMBAO;
4;2020;ALMEJA;0.360872639
4;2020;ANCHOVETA;1
4;2020;BACALADILLO O MOTE;
4;2020;BACALAO DE PROFUNDIDAD;
4;2020;CABRILLA COMUN;
4;2020;CENTOLLA;1
4;2020;CHANCHARRO;
4;2020;CHOLGA;
4;2020;CHORITO;
4;2020;CHORO;
4;2020;CONGRIO COLORADO;
4;2020;CONGRIO DORADO;
4;2020;CULENGUE;
4;2020;ERIZO;0.69
4;2020;HUEPO O NAVAJA DE MAR;
4;2020;JAIBA MARMOLA;
4;2020;JAIBA PANCORA;
4;2020;JUREL;
4;2020;LANGOSTINO DE LOS CANALES;
4;2020;LUGA NEGRA O CRESPA;
4;2020;MERLUZA COMUN;
4;2020;MERLUZA DEL SUR O AUSTRAL;0.85
4;2020;NAVAJUELA;
4;2020;PEJEGALLO;
4;2020;PEJERREY DE MAR;
4;2020;PICOROCO;
4;2020;PULPO DEL SUR;
4;2020;RAYA ESPINOSA;
4;2020;RAYA VOLANTIN;
4;2020;REINETA;1
4;2020;ROBALO;
4;2020;ROLLIZO;
4;2020;SARDINA AUSTRAL;1
4;2020;SARDINA COMUN;
4;2020;TOLLO;
4;2020;TUMBAO;
4;2021;ALMEJA;0.360872639
4;2021;ANCHOVETA;1
4;2021;BACALADILLO O MOTE;
4;2021;BACALAO DE PROFUNDIDAD;
4;2021;CABRILLA COMUN;
4;2021;CALAMAR;
4;2021;CENTOLLA;1
4;2021;CHANCHARRO;
4;2021;CHOLGA;
4;2021;CHORITO;
4;2021;CHORO;
4;2021;CONGRIO COLORADO;
4;2021;CONGRIO DORADO;
4;2021;CULENGUE;
4;2021;ERIZO;0.69
4;2021;JAIBA LIMON;
4;2021;JAIBA MARMOLA;
4;2021;JAIBA PANCORA;
4;2021;JUREL;
4;2021;LANGOSTINO DE LOS CANALES;
4;2021;LUGA NEGRA O CRESPA;
4;2021;MERLUZA DE COLA;
4;2021;MERLUZA DEL SUR O AUSTRAL;0.85
4;2021;NAVAJUELA;
4;2021;OSTRA CHILENA;
4;2021;PAMPANITO;
4;2021;PEJEGALLO;
4;2021;PEJERREY DE MAR;
4;2021;PICOROCO;
4;2021;PIURE;
4;2021;PULPO DEL SUR;
4;2021;RAYA ESPINOSA;
4;2021;RAYA VOLANTIN;
4;2021;REINETA;1
4;2021;ROBALO;
4;2021;ROLLIZO;
4;2021;SARDINA AUSTRAL;1
4;2021;SARDINA COMUN;
4;2021;TUMBAO;
5;2017;ALMEJA;0.360872639
5;2017;CARACOL PALO PALO;
5;2017;CENTOLLA;1
5;2017;CHOLGA;
5;2017;CHORITO;
5;2017;CHORO;
5;2017;CONGRIO COLORADO;
5;2017;CONGRIO DORADO;
5;2017;CULENGUE;
5;2017;ERIZO;0.69
5;2017;HUIRO;
5;2017;HUIRO NEGRO O CHASCON;
5;2017;JAIBA MARMOLA;
5;2017;LUGA-ROJA;
5;2017;MERLUZA DEL SUR O AUSTRAL;0.85
5;2017;PEJEGALLO;
5;2017;PEJERREY DE MAR;
5;2017;PULPO DEL SUR;
5;2017;ROBALO;
5;2017;SIERRA;
5;2017;TUMBAO;
5;2018;ALMEJA;0.360872639
5;2018;CARACOL PALO PALO;
5;2018;CENTOLLA;1
5;2018;CHOLGA;
5;2018;CHORITO;
5;2018;CHORO;
5;2018;CULENGUE;
5;2018;ERIZO;0.69
5;2018;HUEPO O NAVAJA DE MAR;
5;2018;HUIRO;
5;2018;JAIBA MARMOLA;
5;2018;LUCHE;
5;2018;LUGA NEGRA O CRESPA;
5;2018;MERLUZA DEL SUR O AUSTRAL;0.85
5;2018;NAVAJUELA;
5;2018;PEJEGALLO;
5;2018;PEJERREY DE MAR;
5;2018;PELILLO;
5;2018;PULPO DEL SUR;
5;2018;ROBALO;
5;2018;TUMBAO;
5;2019;ALMEJA;0.360872639
5;2019;CENTOLLA;1
5;2019;CHOLGA;
5;2019;CHORITO;
5;2019;CHORO;
5;2019;CULENGUE;
5;2019;ERIZO;0.69
5;2019;HUIRO;
5;2019;JAIBA MARMOLA;
5;2019;LUGA-ROJA;
5;2019;MERLUZA DEL SUR O AUSTRAL;0.85
5;2019;PEJEGALLO;
5;2019;PEJERREY DE MAR;
5;2019;PELILLO;
5;2019;PULPO DEL SUR;
5;2019;RAYA VOLANTIN;
5;2019;ROBALO;
5;2020;ALMEJA;0.360872639
5;2020;ANCHOVETA;1
5;2020;CENTOLLA;1
5;2020;CHOLGA;
5;2020;CHORITO;
5;2020;CHORO;
5;2020;CULENGUE;
5;2020;ERIZO;0.69
5;2020;HUIRO;
5;2020;JAIBA MARMOLA;
5;2020;LUGA-ROJA;
5;2020;MERLUZA DEL SUR O AUSTRAL;0.85
5;2020;PEJEGALLO;
5;2020;PEJERREY DE MAR;
5;2020;PULPO DEL SUR;
5;2020;SARDINA AUSTRAL;1
5;2020;SARDINA COMUN;
5;2021;ALMEJA;0.360872639
5;2021;CARACOL PALO PALO;
5;2021;CENTOLLA;1
5;2021;CHOLGA;
5;2021;CHORITO;
5;2021;CHORO;
5;2021;ERIZO;0.69
5;2021;HUIRO;
5;2021;JAIBA MARMOLA;
5;2021;MERLUZA DEL SUR O AUSTRAL;0.85
5;2021;PEJEGALLO;
5;2021;PEJERREY DE MAR;
5;2021;PELILLO;
5;2021;PICOROCO;
5;2021;PULPO DEL SUR;
6;2017;ALMEJA;0.360872639
6;2017;CABRILLA ESPAÑOLA;
6;2017;CARACOL PALO PALO;
6;2017;CENTOLLA;1
6;2017;CONGRIO COLORADO;
6;2017;CONGRIO DORADO;
6;2017;CULENGUE;
6;2017;ERIZO;0.69
6;2017;JULIANA O TAWERA;0.85
6;2017;LAPA NEGRA;
6;2017;LUGA-ROJA;
6;2017;LUGA NEGRA O CRESPA;
6;2017;MERLUZA DEL SUR O AUSTRAL;0.85
6;2017;NAVAJUELA;
6;2017;PEJERREY DE MAR;
6;2017;PICOROCO;
6;2017;REINETA;1
6;2017;ROBALO;
6;2017;ROLLIZO;
6;2017;SIERRA;
6;2017;TUMBAO;
6;2018;ALMEJA;0.360872639
6;2018;CABRILLA ESPAÑOLA;
6;2018;CENTOLLON;
6;2018;CHANCHARRO;
6;2018;CHOLGA;
6;2018;CHORITO;
6;2018;CHORO;
6;2018;CONGRIO COLORADO;
6;2018;CONGRIO DORADO;
6;2018;CONGRIO NEGRO;
6;2018;ERIZO;0.69
6;2018;LENGUADO;
6;2018;LUGA NEGRA O CRESPA;
6;2018;MERLUZA DEL SUR O AUSTRAL;0.85
6;2018;NAVAJUELA;
6;2018;PEJERREY DE MAR;
6;2018;PICOROCO;
6;2018;PIURE;
6;2018;PULPO DEL SUR;
6;2018;RAYA VOLANTIN;
6;2018;REINETA;1
6;2018;ROBALO;
6;2018;ROLLIZO;
6;2018;SIERRA;
6;2019;CABRILLA COMUN;
6;2019;CABRILLA ESPAÑOLA;
6;2019;CARACOL PALO PALO;
6;2019;CENTOLLA;1
6;2019;CONGRIO COLORADO;
6;2019;CONGRIO DORADO;
6;2019;CONGRIO NEGRO;
6;2019;CULENGUE;
6;2019;ERIZO;0.69
6;2019;LUGA-ROJA;
6;2019;MERLUZA DEL SUR O AUSTRAL;0.85
6;2019;PEJERREY DE MAR;
6;2019;RAYA ESPINOSA;
6;2019;RAYA VOLANTIN;
6;2019;REINETA;1
6;2019;ROBALO;
6;2019;ROLLIZO;
6;2019;SIERRA;
6;2019;TUMBAO;
6;2020;ALMEJA;0.360872639
6;2020;CABRILLA COMUN;
6;2020;CHOLGA;
6;2020;CHORITO;
6;2020;CHORO;
6;2020;CONGRIO COLORADO;
6;2020;CONGRIO DORADO;
6;2020;CONGRIO NEGRO;
6;2020;CORVINA;
6;2020;ERIZO;0.69
6;2020;LAPA BONETE;
6;2020;LAPA NEGRA;
6;2020;LUGA-ROJA;
6;2020;MERLUZA DEL SUR O AUSTRAL;0.85
6;2020;PEJERREY DE MAR;
6;2020;REINETA;1
6;2020;ROBALO;
6;2020;ROLLIZO;
6;2020;SIERRA;
6;2021;CABINZA;
6;2021;CABRILLA COMUN;
6;2021;CABRILLA ESPAÑOLA;
6;2021;CENTOLLA;1
6;2021;CHANCHARRO;
6;2021;CONGRIO COLORADO;
6;2021;CONGRIO DORADO;
6;2021;CONGRIO NEGRO;
6;2021;CORVINA;
6;2021;ERIZO;0.69
6;2021;LUGA-ROJA;
6;2021;MERLUZA DEL SUR O AUSTRAL;0.85
6;2021;PEJERREY DE MAR;
6;2021;PULPO DEL SUR;
6;2021;RAYA VOLANTIN;
6;2021;REINETA;1
6;2021;ROBALO;
6;2021;ROLLIZO;
6;2021;SALMON REY;
6;2021;SIERRA;
7;2017;ALMEJA;0.360872639
7;2017;CABRILLA COMUN;
7;2017;CARACOL PICUYO;
7;2017;CENTOLLA;1
7;2017;CHANCHARRO;
7;2017;CHOLGA;
7;2017;CHORO;
7;2017;ERIZO;0.69
7;2017;HUIRO;
7;2017;JAIBA MARMOLA;
7;2017;LUGA-ROJA;
7;2017;LUGA NEGRA O CRESPA;
7;2017;NAVAJUELA;
7;2017;PEJERREY DE MAR;
7;2017;PULPO DEL SUR;
7;2017;ROBALO;
7;2017;SARDINA AUSTRAL;1
7;2018;ALMEJA;0.360872639
7;2018;ANCHOVETA;1
7;2018;CABRILLA COMUN;
7;2018;CENTOLLA;1
7;2018;CHANCHARRO;
7;2018;CHOLGA;
7;2018;CHORITO;
7;2018;CHORO;
7;2018;COCHAYUYO;
7;2018;CONGRIO COLORADO;
7;2018;ERIZO;0.69
7;2018;HUIRO;
7;2018;JAIBA MARMOLA;
7;2018;LUGA-ROJA;
7;2018;LUGA NEGRA O CRESPA;
7;2018;PEJERREY DE MAR;
7;2018;PULPO DEL SUR;
7;2018;ROBALO;
7;2018;SARDINA AUSTRAL;1
7;2018;SARDINA COMUN;
7;2018;SIERRA;
7;2019;ALMEJA;0.360872639
7;2019;CHANCHARRO;
7;2019;CHOLGA;
7;2019;CHORITO;
7;2019;CHORO;
7;2019;CONGRIO COLORADO;
7;2019;ERIZO;0.69
7;2019;HUIRO;
7;2019;JAIBA MARMOLA;
7;2019;NAVAJUELA;
7;2019;PEJERREY DE MAR;
7;2019;PULPO DEL SUR;
7;2019;ROBALO;
7;2019;SARDINA AUSTRAL;1
7;2019;SARDINA COMUN;
7;2019;SIERRA;
7;2020;ALMEJA;0.360872639
7;2020;CHOLGA;
7;2020;CHORITO;
7;2020;CHORO;
7;2020;CONGRIO COLORADO;
7;2020;ERIZO;0.69
7;2020;JAIBA MARMOLA;
7;2020;JAIBA MORA;
7;2020;MERLUZA DEL SUR O AUSTRAL;0.85
7;2020;PEJERREY DE MAR;
7;2020;PIURE;
7;2020;PULPO DEL SUR;
7;2020;ROBALO;
7;2020;SIERRA;
7;2021;ALMEJA;0.360872639
7;2021;CABRILLA COMUN;
7;2021;CARACOL PALO PALO;
7;2021;CHANCHARRO;
7;2021;CHOLGA;
7;2021;CHORITO;
7;2021;CHORO;
7;2021;CONGRIO COLORADO;
7;2021;CONGRIO NEGRO;
7;2021;ERIZO;0.69
7;2021;JAIBA MARMOLA;
7;2021;JAIBA MORA;
7;2021;LUCHE;
7;2021;NAVAJUELA;
7;2021;PEJERREY DE MAR;
7;2021;PULPO DEL SUR;
7;2021;ROBALO;
7;2021;ROLLIZO;
7;2021;SIERRA;
8;2017;ALMEJA;0.360872639
8;2017;CENTOLLA;1
8;2017;CENTOLLON;
8;2017;CHANCHARRO;
8;2017;CHOLGA;
8;2017;CHORITO;
8;2017;COJINOBA DEL SUR O AZUL;
8;2017;CONGRIO COLORADO;
8;2017;CONGRIO DORADO;
8;2017;CONGRIO NEGRO;
8;2017;CORVINA;
8;2017;ERIZO;0.69
8;2017;JAIBA MARMOLA;
8;2017;LUGA-ROJA;
8;2017;LUGA NEGRA O CRESPA;
8;2017;MERLUZA COMUN;
8;2017;MERLUZA DEL SUR O AUSTRAL;0.85
8;2017;PEJEGALLO;
8;2017;PEJERREY DE MAR;
8;2017;PUYE;
8;2017;RAYA VOLANTIN;
8;2017;REINETA;1
8;2017;ROBALO;
8;2017;ROLLIZO;
8;2017;SARDINA AUSTRAL;1
8;2017;SIERRA;
8;2017;TOLLO;
8;2018;AGUJILLA;
8;2018;ALMEJA;0.360872639
8;2018;AZULEJO;
8;2018;BROTULA;
8;2018;CABRILLA COMUN;
8;2018;CABRILLA ESPAÑOLA;
8;2018;CENTOLLA;1
8;2018;CHANCHARRO;
8;2018;CHOLGA;
8;2018;COJINOBA DEL SUR O AZUL;
8;2018;CONGRIO COLORADO;
8;2018;CONGRIO DORADO;
8;2018;ERIZO;0.69
8;2018;JAIBA MARMOLA;
8;2018;JAIBA MORA;
8;2018;JUREL;
8;2018;LAPA NEGRA;
8;2018;LENGUADO;
8;2018;LUCHE;
8;2018;MERLUZA DE COLA;
8;2018;MERLUZA DEL SUR O AUSTRAL;0.85
8;2018;PEJEGALLO;
8;2018;PEJERREY DE MAR;
8;2018;PELILLO;
8;2018;PULPO DEL SUR;
8;2018;PUYE;
8;2018;RAYA ESPINOSA;
8;2018;RAYA VOLANTIN;
8;2018;REINETA;1
8;2018;ROBALO;
8;2018;ROLLIZO;
8;2018;SARDINA AUSTRAL;1
8;2018;TOLLO;
8;2019;ALMEJA;0.360872639
8;2019;ANGUILA;
8;2019;BROTULA;
8;2019;CABRILLA ESPAÑOLA;
8;2019;CENTOLLA;1
8;2019;CHANCHARRO;
8;2019;CHOLGA;
8;2019;CONGRIO COLORADO;
8;2019;CONGRIO DORADO;
8;2019;JAIBA MARMOLA;
8;2019;LAPA NEGRA;
8;2019;LENGUADO;
8;2019;MERLUZA DEL SUR O AUSTRAL;0.85
8;2019;PEJEGALLO;
8;2019;PEJERREY DE MAR;
8;2019;PUYE;
8;2019;RAYA ESPINOSA;
8;2019;RAYA VOLANTIN;
8;2019;ROBALO;
8;2019;ROLLIZO;
8;2019;TOLLO;
8;2020;BROTULA;
8;2020;CABALLA;
8;2020;CABRILLA ESPAÑOLA;
8;2020;CENTOLLA;1
8;2020;CHANCHARRO;
8;2020;CONGRIO COLORADO;
8;2020;CONGRIO DORADO;
8;2020;JAIBA MARMOLA;
8;2020;LENGUADO;
8;2020;MERLUZA DEL SUR O AUSTRAL;0.85
8;2020;PEJERREY DE MAR;
8;2020;PUYE;
8;2020;RAYA ESPINOSA;
8;2020;RAYA VOLANTIN;
8;2020;ROBALO;
8;2020;ROLLIZO;
8;2020;SIERRA;
8;2021;ANGUILA COMUN;
8;2021;BROTULA;
8;2021;CABRILLA ESPAÑOLA;
8;2021;CENTOLLA;1
8;2021;CHANCHARRO;
8;2021;CONGRIO COLORADO;
8;2021;CONGRIO DORADO;
8;2021;CONGRIO NEGRO;
8;2021;ERIZO;0.69
8;2021;JAIBA MARMOLA;
8;2021;JAIBA MORA;
8;2021;LENGUADO;
8;2021;MERLUZA DEL SUR O AUSTRAL;0.85
8;2021;PEJEGALLO;
8;2021;PEJERREY DE MAR;
8;2021;PUYE;
8;2021;RAYA ESPINOSA;
8;2021;RAYA VOLANTIN;
8;2021;ROBALO;
8;2021;ROLLIZO;
8;2021;TOLLO;
9;2017;ALMEJA;0.360872639
9;2017;CABRILLA COMUN;
9;2017;CABRILLA ESPAÑOLA;
9;2017;CENTOLLA;1
9;2017;CHOLGA;
9;2017;CHORITO;
9;2017;CHORO;
9;2017;CONGRIO COLORADO;
9;2017;JAIBA MORA;
9;2017;PEJEGALLO;
9;2017;PEJERREY DE MAR;
9;2017;ROBALO;
9;2017;ROLLIZO;
9;2017;TOLLO;
9;2018;ALMEJA;0.360872639
9;2018;CABRILLA COMUN;
9;2018;CABRILLA ESPAÑOLA;
9;2018;CENTOLLA;1
9;2018;CHOLGA;
9;2018;CHORITO;
9;2018;CHORO;
9;2018;JAIBA MORA;
9;2018;PEJEGALLO;
9;2018;PEJERREY DE MAR;
9;2018;ROBALO;
9;2018;ROLLIZO;
9;2019;ALMEJA;0.360872639
9;2019;CENTOLLA;1
9;2019;CHOLGA;
9;2019;CHORITO;
9;2019;JAIBA MORA;
9;2019;PEJEGALLO;
9;2019;PEJERREY DE MAR;
9;2019;ROBALO;
9;2019;ROLLIZO;
9;2020;CABRILLA COMUN;
9;2020;CENTOLLA;1
9;2020;CHOLGA;
9;2020;CHORITO;
9;2020;JAIBA MORA;
9;2020;PEJEGALLO;
9;2020;PEJERREY DE MAR;
9;2020;ROBALO;
9;2021;CABRILLA COMUN;
9;2021;CENTOLLA;1
9;2021;CHOLGA;
9;2021;CHORITO;
9;2021;JAIBA MORA;
9;2021;PEJEGALLO;
9;2021;PEJERREY DE MAR;
9;2021;ROBALO;
10;2017;CHANCHARRO;
10;2017;CHORITO;
10;2017;HUIRO;
10;2018;ALMEJA;0.360872639
10;2018;CHORO;
10;2018;ERIZO;0.69
10;2018;HUEPO O NAVAJA DE MAR;
10;2018;HUIRO;
10;2018;LUGA NEGRA O CRESPA;
10;2018;NAVAJUELA;
10;2018;PEJEGALLO;
10;2018;PULPO DEL SUR;
10;2019;HUIRO;
10;2020;HUIRO;
10;2021;HUIRO;
11;2017;ALMEJA;0.360872639
11;2017;ANCHOVETA;1
11;2017;ATUN ALETA AZUL;
11;2017;BONITO;
11;2017;CARACOL PALO PALO;
11;2017;CARACOL PICUYO;
11;2017;CARACOL TRUMULCO;
11;2017;CENTOLLA;1
11;2017;CHOLGA;
11;2017;CHORITO;
11;2017;CHORO;
11;2017;CONGRIO COLORADO;
11;2017;CONGRIO DORADO;
11;2017;CULENGUE;
11;2017;ERIZO;0.69
11;2017;HUEPO O NAVAJA DE MAR;
11;2017;HUIRO;
11;2017;JAIBA MARMOLA;
11;2017;JAIBA MORA;
11;2017;JULIANA O TAWERA;0.85
11;2017;LUGA-ROJA;
11;2017;LUGA NEGRA O CRESPA;
11;2017;MERLUZA DEL SUR O AUSTRAL;0.85
11;2017;NAVAJUELA;
11;2017;OSTRA CHILENA;
11;2017;PEJEGALLO;
11;2017;PEJERREY DE MAR;
11;2017;PIURE;
11;2017;PULPO DEL SUR;
11;2017;REINETA;1
11;2017;ROBALO;
11;2017;ROLLIZO;
11;2017;SARDINA AUSTRAL;1
11;2017;SARDINA COMUN;
11;2017;SIERRA;
11;2017;TUMBAO;
11;2018;ALMEJA;0.360872639
11;2018;ANCHOVETA;1
11;2018;ATUN CHAUCHERA;
11;2018;BACALADILLO O MOTE;
11;2018;BROTULA;
11;2018;CABRILLA COMUN;
11;2018;CALAMAR;
11;2018;CARACOL PALO PALO;
11;2018;CARACOL PICUYO;
11;2018;CARACOL TRUMULCO;
11;2018;CENTOLLA;1
11;2018;CHANCHARRO;
11;2018;CHOLGA;
11;2018;CHORITO;
11;2018;CHORO;
11;2018;CONGRIO COLORADO;
11;2018;CONGRIO DORADO;
11;2018;CONGRIO NEGRO;
11;2018;CORVINA;
11;2018;CULENGUE;
11;2018;ERIZO;0.69
11;2018;HUEPO O NAVAJA DE MAR;
11;2018;HUIRO;
11;2018;JAIBA MARMOLA;
11;2018;JAIBA PANCHOTE O CANGREJO;
11;2018;JAIBA REINA;
11;2018;JIBIA O CALAMAR ROJO;
11;2018;JULIANA O TAWERA;0.85
11;2018;JUREL;
11;2018;LENGUADO;
11;2018;LUCHE;
11;2018;LUGA-ROJA;
11;2018;LUGA NEGRA O CRESPA;
11;2018;MERLUZA DE COLA;
11;2018;MERLUZA DEL SUR O AUSTRAL;0.85
11;2018;NAVAJUELA;
11;2018;OSTRA CHILENA;
11;2018;PEJEGALLO;
11;2018;PEJERREY DE MAR;
11;2018;PIURE;
11;2018;PULPO DEL SUR;
11;2018;RAYA ESPINOSA;
11;2018;RAYA VOLANTIN;
11;2018;REINETA;1
11;2018;ROBALO;
11;2018;ROLLIZO;
11;2018;SARDINA AUSTRAL;1
11;2018;SARDINA COMUN;
11;2018;SIERRA;
11;2018;TOLLO;
11;2018;TUMBAO;
11;2019;ALMEJA;0.360872639
11;2019;ANCHOVETA;1
11;2019;ATUN LANZON;
11;2019;BLANQUILLO;
11;2019;BROTULA;
11;2019;CABRILLA COMUN;
11;2019;CALAMAR;
11;2019;CARACOL PALO PALO;
11;2019;CARACOL PICUYO;
11;2019;CENTOLLA;1
11;2019;CHANCHARRO;
11;2019;CHOLGA;
11;2019;CHORITO;
11;2019;CHORO;
11;2019;COJINOBA DEL SUR O AZUL;
11;2019;CONGRIO COLORADO;
11;2019;CONGRIO DORADO;
11;2019;CONGRIO NEGRO;
11;2019;CORVINA;
11;2019;CULENGUE;
11;2019;ERIZO;0.69
11;2019;HUEPO O NAVAJA DE MAR;
11;2019;HUIRO;
11;2019;JAIBA MARMOLA;
11;2019;JAIBA MORA;
11;2019;JAIBA PANCHOTE O CANGREJO;
11;2019;JULIANA O TAWERA;0.85
11;2019;LUGA-ROJA;
11;2019;MERLUZA DEL SUR O AUSTRAL;0.85
11;2019;NAVAJUELA;
11;2019;OSTRA CHILENA;
11;2019;PEJEGALLO;
11;2019;PEJERREY DE MAR;
11;2019;PELILLO;
11;2019;PULPO DEL SUR;
11;2019;RAYA VOLANTIN;
11;2019;REINETA;1
11;2019;ROBALO;
11;2019;ROLLIZO;
11;2019;SARDINA AUSTRAL;1
11;2019;SARDINA COMUN;
11;2019;SIERRA;
11;2019;TOLLO;
11;2020;ALMEJA;0.360872639
11;2020;ATUN LANZON;
11;2020;BROTULA;
11;2020;CALAMAR;
11;2020;CENTOLLA;1
11;2020;CHANCHARRO;
11;2020;CHOLGA;
11;2020;CHORITO;
11;2020;CHORO;
11;2020;COJINOBA DEL SUR O AZUL;
11;2020;CONGRIO COLORADO;
11;2020;CONGRIO DORADO;
11;2020;CONGRIO NEGRO;
11;2020;ERIZO;0.69
11;2020;HUEPO O NAVAJA DE MAR;
11;2020;HUIRO;
11;2020;JAIBA MARMOLA;
11;2020;JAIBA PANCHOTE O CANGREJO;
11;2020;JAIBA REMADORA;
11;2020;JULIANA O TAWERA;0.85
11;2020;LUGA NEGRA O CRESPA;
11;2020;MERLUZA DEL SUR O AUSTRAL;0.85
11;2020;NAVAJUELA;
11;2020;PEJEGALLO;
11;2020;PEJERREY DE MAR;
11;2020;PULPO DEL NORTE;
11;2020;PULPO DEL SUR;
11;2020;PUYE;
11;2020;RAYA ESPINOSA;
11;2020;RAYA VOLANTIN;
11;2020;REINETA;1
11;2020;ROBALO;
11;2020;ROLLIZO;
11;2020;SARDINA AUSTRAL;1
11;2020;SARDINA COMUN;
11;2020;SIERRA;
11;2021;ALMEJA;0.360872639
11;2021;ANCHOVETA;1
11;2021;ATUN LANZON;
11;2021;BROTULA;
11;2021;CABRILLA COMUN;
11;2021;CALAMAR;
11;2021;CENTOLLA;1
11;2021;CHANCHARRO;
11;2021;CHOLGA;
11;2021;CHORO;
11;2021;COJINOBA DEL SUR O AZUL;
11;2021;CONGRIO COLORADO;
11;2021;CONGRIO DORADO;
11;2021;CONGRIO NEGRO;
11;2021;ERIZO;0.69
11;2021;HUEPO O NAVAJA DE MAR;
11;2021;HUIRO;
11;2021;JAIBA MARMOLA;
11;2021;JAIBA PANCHOTE O CANGREJO;
11;2021;JIBIA O CALAMAR ROJO;
11;2021;JULIANA O TAWERA;0.85
11;2021;LISA;
11;2021;LUGA-ROJA;
11;2021;MERLUZA DEL SUR O AUSTRAL;0.85
11;2021;NAVAJUELA;
11;2021;OSTRA CHILENA;
11;2021;PEJEGALLO;
11;2021;PEJERREY DE MAR;
11;2021;PULPO DEL SUR;
11;2021;PUYE;
11;2021;RAYA VOLANTIN;
11;2021;REINETA;1
11;2021;ROBALO;
11;2021;ROLLIZO;
11;2021;SARDINA AUSTRAL;1
11;2021;SARDINA COMUN;
11;2021;SIERRA;
12;2017;LAPA NEGRA;
12;2017;PICOROCO;
12;2017;PIURE;
12;2018;ROBALO;
12;2018;SIERRA;
13;2017;ALMEJA;0.360872639
13;2017;CABRILLA ESPAÑOLA;
13;2017;CARACOL PALO PALO;
13;2017;CENTOLLA;1
13;2017;CHOLGA;
13;2017;CHORITO;
13;2017;CHORO;
13;2017;CONGRIO NEGRO;
13;2017;ERIZO;0.69
13;2017;JAIBA MARMOLA;
13;2017;LAPA NEGRA;
13;2017;LAPA REINA;
13;2017;LUCHE;
13;2017;LUGA-ROJA;
13;2017;PULPO DEL SUR;
13;2017;ROBALO;
13;2017;ROLLIZO;
13;2017;SIERRA;
13;2018;ALMEJA;0.360872639
13;2018;CABRILLA COMUN;
13;2018;CENTOLLA;1
13;2018;CHANCHARRO;
13;2018;CHOLGA;
13;2018;CHORO;
13;2018;CONGRIO COLORADO;
13;2018;CONGRIO DORADO;
13;2018;CULENGUE;
13;2018;ERIZO;0.69
13;2018;JAIBA MARMOLA;
13;2018;JAIBA MORA;
13;2018;JAIBA REINA;
13;2018;LAPA NEGRA;
13;2018;LECHUGUILLA;
13;2018;LUCHE;
13;2018;LUGA-ROJA;
13;2018;LUGA NEGRA O CRESPA;
13;2018;MERLUZA DEL SUR O AUSTRAL;0.85
13;2018;PULPO DEL SUR;
13;2018;ROBALO;
13;2018;ROLLIZO;
13;2019;ACHA O HACHA;
13;2019;ALMEJA;0.360872639
13;2019;CENTOLLA;1
13;2019;CHOLGA;
13;2019;CHORO;
13;2019;CULENGUE;
13;2019;ERIZO;0.69
13;2019;JAIBA MARMOLA;
13;2019;JAIBA MORA;
13;2019;JAIBA PANCHOTE O CANGREJO;
13;2019;LAPA NEGRA;
13;2019;LAPA REINA;
13;2019;LUCHE;
13;2019;LUGA-ROJA;
13;2019;PEJERREY DE MAR;
13;2019;PULPO DEL SUR;
13;2019;PUYE;
13;2019;ROBALO;
13;2019;ROLLIZO;
13;2019;SARDINA AUSTRAL;1
13;2019;SIERRA;
13;2020;ALMEJA;0.360872639
13;2020;BROTULA;
13;2020;CABRILLA COMUN;
13;2020;CARACOL PALO PALO;
13;2020;CENTOLLA;1
13;2020;CHANCHARRO;
13;2020;CHOLGA;
13;2020;CHORO;
13;2020;COCHAYUYO;
13;2020;CONGRIO COLORADO;
13;2020;CONGRIO DORADO;
13;2020;ERIZO;0.69
13;2020;JAIBA MARMOLA;
13;2020;JAIBA MORA;
13;2020;JAIBA PANCHOTE O CANGREJO;
13;2020;JAIBA PANCORA;
13;2020;LAPA NEGRA;
13;2020;LAPA REINA;
13;2020;LAPA ROSADA;
13;2020;LUCHE;
13;2020;LUGA-ROJA;
13;2020;PEJERREY DE MAR;
13;2020;PULPO DEL SUR;
13;2020;ROBALO;
13;2020;ROLLIZO;
13;2020;SIERRA;
13;2020;TOLLO;
13;2021;ALMEJA;0.360872639
13;2021;CARACOL PALO PALO;
13;2021;CARACOL TEGULA;
13;2021;CENTOLLA;1
13;2021;CHOLGA;
13;2021;CHORITO;
13;2021;CHORO;
13;2021;CONGRIO COLORADO;
13;2021;ERIZO;0.69
13;2021;JAIBA MARMOLA;
13;2021;LAPA NEGRA;
13;2021;LAPA REINA;
13;2021;LUGA-ROJA;
13;2021;MERLUZA DEL SUR O AUSTRAL;0.85
13;2021;PEJERREY DE MAR;
13;2021;PULPO DEL SUR;
13;2021;ROBALO;
13;2021;ROLLIZO;
13;2021;SIERRA;
14;2017;ALMEJA;0.360872639
14;2017;ANCHOVETA;1
14;2017;CABRILLA COMUN;
14;2017;CENTOLLA;1
14;2017;CENTOLLON;
14;2017;CHANCHARRO;
14;2017;CHOLGA;
14;2017;CHORITO;
14;2017;CHORO;
14;2017;CONGRIO COLORADO;
14;2017;CONGRIO DORADO;
14;2017;CONGRIO NEGRO;
14;2017;CULENGUE;
14;2017;ERIZO;0.69
14;2017;JAIBA MARMOLA;
14;2017;LENGUADO;
14;2017;MERLUZA DEL SUR O AUSTRAL;0.85
14;2017;NAVAJUELA;
14;2017;PEJEGALLO;
14;2017;PEJERREY DE MAR;
14;2017;PELILLO;
14;2017;PICOROCO;
14;2017;PIURE;
14;2017;PULPO DEL SUR;
14;2017;RAYA ESPINOSA;
14;2017;RAYA VOLANTIN;
14;2017;REINETA;1
14;2017;ROBALO;
14;2017;ROLLIZO;
14;2017;SARDINA AUSTRAL;1
14;2017;SARDINA COMUN;
14;2017;SIERRA;
14;2017;TOLLO;
14;2017;TUMBAO;
14;2018;ALMEJA;0.360872639
14;2018;ANCHOVETA;1
14;2018;CABRILLA COMUN;
14;2018;CARACOL PALO PALO;
14;2018;CENTOLLA;1
14;2018;CENTOLLON;
14;2018;CHANCHARRO;
14;2018;CHOLGA;
14;2018;CHORITO;
14;2018;CHORO;
14;2018;CONGRIO COLORADO;
14;2018;CONGRIO DORADO;
14;2018;CONGRIO NEGRO;
14;2018;CULENGUE;
14;2018;ERIZO;0.69
14;2018;HUIRO;
14;2018;JAIBA MORA;
14;2018;LAPA NEGRA;
14;2018;LUCHE;
14;2018;LUGA-ROJA;
14;2018;LUGA NEGRA O CRESPA;
14;2018;MERLUZA DEL SUR O AUSTRAL;0.85
14;2018;NAVAJUELA;
14;2018;OSTRA CHILENA;
14;2018;PEJEGALLO;
14;2018;PEJERREY DE MAR;
14;2018;PELILLO;
14;2018;PICOROCO;
14;2018;PIURE;
14;2018;PULPO DEL SUR;
14;2018;RAYA ESPINOSA;
14;2018;RAYA VOLANTIN;
14;2018;ROBALO;
14;2018;ROLLIZO;
14;2018;SARDINA AUSTRAL;1
14;2018;SARDINA COMUN;
14;2018;SIERRA;
14;2018;TUMBAO;
14;2019;ALMEJA;0.360872639
14;2019;ANCHOVETA;1
14;2019;CABRILLA COMUN;
14;2019;CENTOLLA;1
14;2019;CHANCHARRO;
14;2019;CHOLGA;
14;2019;CHORITO;
14;2019;CHORO;
14;2019;COJINOBA DEL SUR O AZUL;
14;2019;CONGRIO COLORADO;
14;2019;CONGRIO DORADO;
14;2019;CONGRIO NEGRO;
14;2019;CULENGUE;
14;2019;ERIZO;0.69
14;2019;MERLUZA DEL SUR O AUSTRAL;0.85
14;2019;PEJEGALLO;
14;2019;PEJERREY DE MAR;
14;2019;PICOROCO;
14;2019;PIURE;
14;2019;PULPO DEL SUR;
14;2019;RAYA ESPINOSA;
14;2019;RAYA VOLANTIN;
14;2019;REINETA;1
14;2019;ROBALO;
14;2019;ROLLIZO;
14;2019;SARDINA AUSTRAL;1
14;2019;SIERRA;
14;2020;ALMEJA;0.360872639
14;2020;CENTOLLA;1
14;2020;CHANCHARRO;
14;2020;CHOLGA;
14;2020;CHORITO;
14;2020;CHORO;
14;2020;CONGRIO COLORADO;
14;2020;CONGRIO DORADO;
14;2020;CONGRIO NEGRO;
14;2020;ERIZO;0.69
14;2020;JAIBA MARMOLA;
14;2020;LUGA-ROJA;
14;2020;MERLUZA DEL SUR O AUSTRAL;0.85
14;2020;PEJEGALLO;
14;2020;PEJERREY DE MAR;
14;2020;PULPO DEL SUR;
14;2020;RAYA ESPINOSA;
14;2020;RAYA VOLANTIN;
14;2020;ROBALO;
14;2020;ROLLIZO;
14;2020;SARDINA COMUN;
14;2021;ALMEJA;0.360872639
14;2021;BROTULA;
14;2021;CABRILLA COMUN;
14;2021;CENTOLLA;1
14;2021;CHANCHARRO;
14;2021;CHOLGA;
14;2021;CHORITO;
14;2021;CHORO;
14;2021;CONGRIO COLORADO;
14;2021;CONGRIO DORADO;
14;2021;CONGRIO NEGRO;
14;2021;CULENGUE;
14;2021;ERIZO;0.69
14;2021;JAIBA MARMOLA;
14;2021;LUGA-ROJA;
14;2021;MERLUZA DEL SUR O AUSTRAL;0.85
14;2021;NAVAJUELA;
14;2021;PEJEGALLO;
14;2021;PEJERREY DE MAR;
14;2021;PULPO DEL SUR;
14;2021;RAYA ESPINOSA;
14;2021;RAYA VOLANTIN;
14;2021;REINETA;1
14;2021;ROBALO;
14;2021;ROLLIZO;
16;2017;ALMEJA;0.360872639
16;2017;CARACOL PALO PALO;
16;2017;CENTOLLON;
16;2017;CONGRIO COLORADO;
16;2017;CORVINA;
16;2017;CULENGUE;
16;2017;ERIZO;0.69
16;2017;JAIBA MARMOLA;
16;2017;JAIBA MORA;
16;2017;JAIBA REINA;
16;2017;LAPA NEGRA;
16;2017;LAPA PICTA;
16;2017;LUGA NEGRA O CRESPA;
16;2017;PICOROCO;
16;2017;PIURE;
16;2017;REINETA;1
16;2017;ROBALO;
16;2018;ALMEJA;0.360872639
16;2018;CARACOL PALO PALO;
16;2018;CHORO;
16;2018;COCHAYUYO;
16;2018;CONGRIO COLORADO;
16;2018;CORVINA;
16;2018;JAIBA MORA;
16;2018;LAPA NEGRA;
16;2018;LUGA NEGRA O CRESPA;
16;2018;PEPINO DE MAR;
16;2018;PICOROCO;
16;2018;PIURE;
16;2018;PULPO DEL SUR;
16;2018;ROBALO;
16;2018;ROLLIZO;
16;2018;SIERRA;
16;2019;CONGRIO COLORADO;
16;2019;CORVINA;
16;2019;LUGA NEGRA O CRESPA;
16;2019;PEJERREY DE MAR;
16;2019;PICOROCO;
16;2019;PIURE;
16;2019;ROBALO;
16;2019;SIERRA;
16;2020;CABRILLA COMUN;
16;2020;CABRILLA ESPAÑOLA;
16;2020;CHANCHARRO;
16;2020;CONGRIO COLORADO;
16;2020;CORVINA;
16;2020;PEJERREY DE MAR;
16;2020;ROBALO;
16;2020;ROLLIZO;
16;2020;SIERRA;
17;2017;ALMEJA;0.360872639
17;2017;BACALAO DE PROFUNDIDAD;
17;2017;BLANQUILLO;
17;2017;CARACOL PALO PALO;
17;2017;CARPA;
17;2017;CENTOLLA;1
17;2017;CHOLGA;
17;2017;CHORITO;
17;2017;CHORO;
17;2017;CONGRIO COLORADO;
17;2017;CONGRIO DORADO;
17;2017;CORVINA;
17;2017;CULENGUE;
17;2017;ERIZO;0.69
17;2017;JAIBA MARMOLA;
17;2017;JAIBA MORA;
17;2017;JAIBA PANCHOTE O CANGREJO;
17;2017;JAIBA PELUDA O PACHONA;
17;2017;JAIBA REINA;
17;2017;OSTRA CHILENA;
17;2017;PEJEGALLO;
17;2017;PEJERREY DE MAR;
17;2017;PELILLO;
17;2017;PEPINO DE MAR;
17;2017;PICOROCO;
17;2017;PIURE;
17;2017;PULPO DEL SUR;
17;2017;REINETA;1
17;2017;ROBALO;
17;2017;ROLLIZO;
17;2017;SIERRA;
17;2017;TOLLO;
17;2017;TUMBAO;
17;2018;ALMEJA;0.360872639
17;2018;BACALAO DE PROFUNDIDAD;
17;2018;CARACOL LOCATE;
17;2018;CARACOL PALO PALO;
17;2018;CARACOL RUBIO;
17;2018;CENTOLLA;1
17;2018;CHOLGA;
17;2018;CHORITO;
17;2018;CHORO;
17;2018;COCHAYUYO;
17;2018;CONGRIO COLORADO;
17;2018;CONGRIO DORADO;
17;2018;CORVINA;
17;2018;CULENGUE;
17;2018;ERIZO;0.69
17;2018;JAIBA MARMOLA;
17;2018;JAIBA MORA;
17;2018;JAIBA PANCHOTE O CANGREJO;
17;2018;JAIBA PELUDA O PACHONA;
17;2018;LAPA NEGRA;
17;2018;LOCO;
17;2018;LUGA NEGRA O CRESPA;
17;2018;NAVAJUELA;
17;2018;OSTRA CHILENA;
17;2018;PEJEGALLO;
17;2018;PEJERREY DE MAR;
17;2018;PELILLO;
17;2018;PEPINO DE MAR;
17;2018;PICOROCO;
17;2018;PIURE;
17;2018;PULPO DEL SUR;
17;2018;REINETA;1
17;2018;ROBALO;
17;2018;ROLLIZO;
17;2018;SIERRA;
17;2018;TOLLO;
17;2018;TUMBAO;
17;2019;ALMEJA;0.360872639
17;2019;BACALAO DE PROFUNDIDAD;
17;2019;CARACOL PALO PALO;
17;2019;CENTOLLA;1
17;2019;CHOLGA;
17;2019;CHORITO;
17;2019;CHORO;
17;2019;CONGRIO COLORADO;
17;2019;CONGRIO DORADO;
17;2019;CORVINA;
17;2019;CULENGUE;
17;2019;ERIZO;0.69
17;2019;JAIBA MARMOLA;
17;2019;JAIBA PANCHOTE O CANGREJO;
17;2019;JAIBA PELUDA O PACHONA;
17;2019;JAIBA REMADORA;
17;2019;LISA;
17;2019;LUGA NEGRA O CRESPA;
17;2019;NAVAJUELA;
17;2019;OSTRA CHILENA;
17;2019;PEJEGALLO;
17;2019;PEJERREY DE MAR;
17;2019;PELILLO;
17;2019;PEPINO DE MAR;
17;2019;PICOROCO;
17;2019;PIURE;
17;2019;PULPO DEL SUR;
17;2019;REINETA;1
17;2019;ROBALO;
17;2019;ROLLIZO;
17;2019;SIERRA;
17;2019;TOLLO;
17;2019;TUMBAO;
17;2020;ALMEJA;0.360872639
17;2020;CANGREJO DORADO DE J. FERNANDEZ;
17;2020;CARACOL PALO PALO;
17;2020;CARACOL PICUYO;
17;2020;CHOLGA;
17;2020;CHORITO;
17;2020;CHORO;
17;2020;CONGRIO COLORADO;
17;2020;CONGRIO DORADO;
17;2020;CORVINA;
17;2020;CULENGUE;
17;2020;ERIZO;0.69
17;2020;JAIBA MARMOLA;
17;2020;JAIBA MORA;
17;2020;JAIBA PANCHOTE O CANGREJO;
17;2020;JAIBA PELUDA O PACHONA;
17;2020;JAIBA REMADORA;
17;2020;LAPA NEGRA;
17;2020;LUGA NEGRA O CRESPA;
17;2020;NAVAJUELA;
17;2020;OSTRA CHILENA;
17;2020;PEJEGALLO;
17;2020;PEJERREY DE MAR;
17;2020;PEPINO DE MAR;
17;2020;PICOROCO;
17;2020;PIURE;
17;2020;PULPO DEL SUR;
17;2020;RAYA ESPINOSA;
17;2020;RAYA VOLANTIN;
17;2020;REINETA;1
17;2020;ROBALO;
17;2020;ROLLIZO;
17;2020;SIERRA;
17;2020;TOLLO;
17;2020;TUMBAO;
17;2021;ALMEJA;0.360872639
17;2021;CARACOL PALO PALO;
17;2021;CHORITO;
17;2021;CHORO;
17;2021;COCHAYUYO;
17;2021;CONGRIO DORADO;
17;2021;CORVINA;
17;2021;CULENGUE;
17;2021;ERIZO;0.69
17;2021;JAIBA MARMOLA;
17;2021;JAIBA PANCHOTE O CANGREJO;
17;2021;JAIBA PELUDA O PACHONA;
17;2021;JAIBA REMADORA;
17;2021;LISA;
17;2021;LUGA CUCHARA O CORTA;
17;2021;LUGA NEGRA O CRESPA;
17;2021;NAVAJUELA;
17;2021;OSTRA CHILENA;
17;2021;PEJEGALLO;
17;2021;PEJERREY DE MAR;
17;2021;PELILLO;
17;2021;PICOROCO;
17;2021;PIURE;
17;2021;PULPO DEL SUR;
17;2021;REINETA;1
17;2021;ROBALO;
17;2021;SIERRA;
17;2021;TOLLO;
17;2021;TUMBAO;
18;2017;ALMEJA;0.360872639
18;2017;BACALAO DE PROFUNDIDAD;
18;2017;CENTOLLA;1
18;2017;CENTOLLON;
18;2017;CHANCHARRO;
18;2017;CHOLGA;
18;2017;CHORITO;
18;2017;CONGRIO DORADO;
18;2017;ERIZO;0.69
18;2017;JAIBA MARMOLA;
18;2017;LOCO;
18;2017;LUGA-ROJA;
18;2017;MERLUZA DEL SUR O AUSTRAL;0.85
18;2017;OSTION DEL SUR;
18;2017;PEJERREY DE MAR;
18;2017;ROBALO;
18;2018;ALMEJA;0.360872639
18;2018;BACALAO DE PROFUNDIDAD;
18;2018;CENTOLLA;1
18;2018;CENTOLLON;
18;2018;CHANCHARRO;
18;2018;CHOLGA;
18;2018;CHORITO;
18;2018;CONGRIO DORADO;
18;2018;ERIZO;0.69
18;2018;JAIBA MARMOLA;
18;2018;LUGA-ROJA;
18;2018;MERLUZA DEL SUR O AUSTRAL;0.85
18;2018;OSTION DEL SUR;
18;2018;PEJERREY DE MAR;
18;2018;ROBALO;
18;2019;ALMEJA;0.360872639
18;2019;BACALAO DE PROFUNDIDAD;
18;2019;CENTOLLA;1
18;2019;CENTOLLON;
18;2019;CHANCHARRO;
18;2019;CHOLGA;
18;2019;CHORITO;
18;2019;COJINOBA MOTEADA;
18;2019;CONGRIO DORADO;
18;2019;ERIZO;0.69
18;2019;JAIBA MARMOLA;
18;2019;LUGA-ROJA;
18;2019;MERLUZA DEL SUR O AUSTRAL;0.85
18;2019;OSTION DEL SUR;
18;2019;PEJERREY DE MAR;
18;2019;PULPO DEL SUR;
18;2019;ROBALO;
18;2019;SIERRA;
18;2020;ALMEJA;0.360872639
18;2020;BACALAO DE PROFUNDIDAD;
18;2020;CENTOLLA;1
18;2020;CHOLGA;
18;2020;CHORITO;
18;2020;COJINOBA DEL SUR O AZUL;
18;2020;CONGRIO DORADO;
18;2020;ERIZO;0.69
18;2020;JAIBA MARMOLA;
18;2020;JAIBA MORA;
18;2020;LUGA-ROJA;
18;2020;MERLUZA DEL SUR O AUSTRAL;0.85
18;2020;OSTION DEL SUR;
18;2020;PEJERREY DE MAR;
18;2020;ROBALO;
18;2021;ALMEJA;0.360872639
18;2021;BACALAO DE PROFUNDIDAD;
18;2021;CENTOLLA;1
18;2021;CHOLGA;
18;2021;CHORITO;
18;2021;CONGRIO DORADO;
18;2021;ERIZO;0.69
18;2021;LUGA-ROJA;
18;2021;MERLUZA DEL SUR O AUSTRAL;0.85
18;2021;OSTION DEL SUR;
18;2021;PEJERREY DE MAR;
18;2021;ROBALO;
19;2017;ALMEJA;0.360872639
19;2017;CENTOLLA;1
19;2017;CENTOLLON;
19;2017;CHOLGA;
19;2017;HUEPO O NAVAJA DE MAR;
19;2017;LUGA-ROJA;
19;2017;OSTION DEL SUR;
19;2018;ALMEJA;0.360872639
19;2018;ANGUILA;
19;2018;BACALAO DE PROFUNDIDAD;
19;2018;CENTOLLA;1
19;2018;CENTOLLON;
19;2018;CHOLGA;
19;2018;LUGA-ROJA;
19;2018;MERLUZA DEL SUR O AUSTRAL;0.85
19;2018;OSTION DEL SUR;
19;2019;ALMEJA;0.360872639
19;2019;CENTOLLA;1
19;2019;CENTOLLON;
19;2019;CHOLGA;
19;2019;ERIZO;0.69
19;2019;HUEPO O NAVAJA DE MAR;
19;2019;LUGA-ROJA;
19;2019;OSTION DEL SUR;
19;2020;ALMEJA;0.360872639
19;2020;BACALAO DE PROFUNDIDAD;
19;2020;CENTOLLA;1
19;2020;CENTOLLON;
19;2020;CONGRIO DORADO;
19;2020;ERIZO;0.69
19;2020;LUGA-ROJA;
19;2020;OSTION DEL SUR;
19;2021;CENTOLLA;1
19;2021;CENTOLLON;
19;2021;CONGRIO DORADO;
19;2021;ERIZO;0.69
19;2021;LUGA-ROJA;
21;2017;ALMEJA;0.360872639
21;2017;ANCHOVETA;1
21;2017;BACALAO DE PROFUNDIDAD;
21;2017;BONITO;
21;2017;BROTULA;
21;2017;CABALLA;
21;2017;CABRILLA COMUN;
21;2017;CABRILLA ESPAÑOLA;
21;2017;CALAMAR;
21;2017;CENTOLLA;1
21;2017;CENTOLLON;
21;2017;CHANCHARRO;
21;2017;CHOLGA;
21;2017;CHORITO;
21;2017;CHORO;
21;2017;COJINOBA DEL SUR O AZUL;
21;2017;CONGRIO COLORADO;
21;2017;CONGRIO DORADO;
21;2017;CORVINA;
21;2017;CULENGUE;
21;2017;HUEPO O NAVAJA DE MAR;
21;2017;JAIBA MARMOLA;
21;2017;JAIBA MORA;
21;2017;JIBIA O CALAMAR ROJO;
21;2017;JUREL;
21;2017;MERLUZA DEL SUR O AUSTRAL;0.85
21;2017;PEJEGALLO;
21;2017;PEJERREY DE MAR;
21;2017;PIURE;
21;2017;PULPO DEL SUR;
21;2017;PUYE;
21;2017;REINETA;1
21;2017;ROBALO;
21;2017;ROLLIZO;
21;2017;SARDINA AUSTRAL;1
21;2017;SARDINA COMUN;
21;2017;SIERRA;
21;2018;ALMEJA;0.360872639
21;2018;ANCHOVETA;1
21;2018;ANGUILA;
21;2018;ANGUILA BABOSA;
21;2018;ATUN LANZON;
21;2018;BACALAO DE PROFUNDIDAD;
21;2018;BLANQUILLO;
21;2018;CABALLA;
21;2018;CABRILLA COMUN;
21;2018;CABRILLA ESPAÑOLA;
21;2018;CARACOL PALO PALO;
21;2018;CENTOLLA;1
21;2018;CENTOLLON;
21;2018;CHANCHARRO;
21;2018;CHOLGA;
21;2018;CHORITO;
21;2018;CHORO;
21;2018;COJINOBA DEL SUR O AZUL;
21;2018;CONGRIO COLORADO;
21;2018;CONGRIO DORADO;
21;2018;CONGRIO NEGRO;
21;2018;CORVINA;
21;2018;CULENGUE;
21;2018;HUEPO O NAVAJA DE MAR;
21;2018;JAIBA LIMON;
21;2018;JAIBA MARMOLA;
21;2018;JAIBA MORA;
21;2018;JAIBA REINA;
21;2018;JIBIA O CALAMAR ROJO;
21;2018;JUREL;
21;2018;LENGUADO;
21;2018;LENGUADO DE OJOS CHICOS;
21;2018;MERLUZA DEL SUR O AUSTRAL;0.85
21;2018;NAVAJUELA;
21;2018;PAMPANITO;
21;2018;PEJEGALLO;
21;2018;PEJERREY DE MAR;
21;2018;PICOROCO;
21;2018;PIURE;
21;2018;PULPO DEL SUR;
21;2018;PUYE;
21;2018;RAYA ESPINOSA;
21;2018;RAYA VOLANTIN;
21;2018;REINETA;1
21;2018;ROBALO;
21;2018;ROLLIZO;
21;2018;SARDINA AUSTRAL;1
21;2018;SARDINA COMUN;
21;2018;SIERRA;
21;2018;TOLLO;
21;2018;TUMBAO;
21;2019;ALMEJA;0.360872639
21;2019;ANCHOVETA;1
21;2019;BACALAO DE PROFUNDIDAD;
21;2019;BLANQUILLO;
21;2019;BROTULA;
21;2019;CABRILLA COMUN;
21;2019;CALAMAR;
21;2019;CENTOLLA;1
21;2019;CENTOLLON;
21;2019;CHANCHARRO;
21;2019;CHOLGA;
21;2019;CHORITO;
21;2019;CHORO;
21;2019;COJINOBA DEL SUR O AZUL;
21;2019;CONGRIO COLORADO;
21;2019;CONGRIO DORADO;
21;2019;CONGRIO NEGRO;
21;2019;CORVINA;
21;2019;ERIZO;0.69
21;2019;HUEPO O NAVAJA DE MAR;
21;2019;JAIBA MARMOLA;
21;2019;JIBIA O CALAMAR ROJO;
21;2019;JUREL;
21;2019;MERLUZA DEL SUR O AUSTRAL;0.85
21;2019;PAMPANITO;
21;2019;PEJEGALLO;
21;2019;PEJERREY DE MAR;
21;2019;PULPO DEL SUR;
21;2019;PUYE;
21;2019;RAYA ESPINOSA;
21;2019;RAYA VOLANTIN;
21;2019;REINETA;1
21;2019;ROBALO;
21;2019;ROLLIZO;
21;2019;SARDINA AUSTRAL;1
21;2019;SARDINA COMUN;
21;2019;SIERRA;
21;2019;TOLLO;
21;2020;ALMEJA;0.360872639
21;2020;ANCHOVETA;1
21;2020;BACALAO DE PROFUNDIDAD;
21;2020;CENTOLLA;1
21;2020;CHANCHARRO;
21;2020;CHOLGA;
21;2020;CHORITO;
21;2020;CHORO;
21;2020;CONGRIO COLORADO;
21;2020;CONGRIO DORADO;
21;2020;CORVINA;
21;2020;JAIBA MARMOLA;
21;2020;JUREL;
21;2020;MERLUZA DEL SUR O AUSTRAL;0.85
21;2020;PAMPANITO;
21;2020;PEJEGALLO;
21;2020;PEJERREY DE MAR;
21;2020;PULPO DEL SUR;
21;2020;PUYE;
21;2020;RAYA ESPINOSA;
21;2020;RAYA VOLANTIN;
21;2020;REINETA;1
21;2020;ROBALO;
21;2020;SARDINA AUSTRAL;1
21;2020;SARDINA COMUN;
21;2020;SIERRA;
21;2020;TIBURON SARDINERO;
21;2021;ALMEJA;0.360872639
21;2021;ANCHOVETA;1
21;2021;BACALAO DE PROFUNDIDAD;
21;2021;BROTULA;
21;2021;CABRILLA COMUN;
21;2021;CENTOLLA;1
21;2021;CHANCHARRO;
21;2021;CHOLGA;
21;2021;CHORITO;
21;2021;COJINOBA DEL SUR O AZUL;
21;2021;CONGRIO COLORADO;
21;2021;CONGRIO DORADO;
21;2021;CONGRIO NEGRO;
21;2021;CORVINA;
21;2021;JUREL;
21;2021;MERLUZA COMUN;
21;2021;MERLUZA DEL SUR O AUSTRAL;0.85
21;2021;PAMPANITO;
21;2021;PEJEGALLO;
21;2021;PEJERREY DE MAR;
21;2021;PUYE;
21;2021;RAYA ESPINOSA;
21;2021;RAYA VOLANTIN;
21;2021;REINETA;1
21;2021;ROBALO;
21;2021;ROLLIZO;
21;2021;SARDINA AUSTRAL;1
21;2021;SARDINA COMUN;
21;2021;SIERRA;
21;2021;TOLLO;
23;2017;ALMEJA;0.360872639
23;2017;BROTULA;
23;2017;CENTOLLA;1
23;2017;CENTOLLON;
23;2017;CHANCHARRO;
23;2017;CHOLGA;
23;2017;CHORITO;
23;2017;CHORO;
23;2017;CONGRIO DORADO;
23;2017;ERIZO;0.69
23;2017;HUEPO O NAVAJA DE MAR;
23;2017;LUGA-ROJA;
23;2017;MERLUZA DE COLA;
23;2017;MERLUZA DEL SUR O AUSTRAL;0.85
23;2017;OSTION DEL SUR;
23;2017;PEJERREY DE MAR;
23;2017;ROBALO;
23;2018;ALMEJA;0.360872639
23;2018;CENTOLLA;1
23;2018;CENTOLLON;
23;2018;CHOLGA;
23;2018;CHORITO;
23;2018;CHORO;
23;2018;CONGRIO DORADO;
23;2018;CONGRIO PLATEADO;
23;2018;ERIZO;0.69
23;2018;HUEPO O NAVAJA DE MAR;
23;2018;LUGA-ROJA;
23;2018;MERLUZA DE COLA;
23;2018;MERLUZA DEL SUR O AUSTRAL;0.85
23;2018;OSTION DEL SUR;
23;2018;PEJERREY DE MAR;
23;2018;ROBALO;
23;2019;ANFELTIA;
23;2019;CENTOLLA;1
23;2019;CENTOLLON;
23;2019;CHANCHARRO;
23;2019;CHOLGA;
23;2019;CHORITO;
23;2019;COJINOBA DEL SUR O AZUL;
23;2019;CONGRIO DORADO;
23;2019;ERIZO;0.69
23;2019;HUEPO O NAVAJA DE MAR;
23;2019;LUGA-ROJA;
23;2019;MERLUZA DE COLA;
23;2019;MERLUZA DEL SUR O AUSTRAL;0.85
23;2019;OSTION DEL SUR;
23;2019;PULPO DEL SUR;
23;2019;ROBALO;
23;2020;ALMEJA;0.360872639
23;2020;CENTOLLA;1
23;2020;CENTOLLON;
23;2020;CHANCHARRO;
23;2020;CHOLGA;
23;2020;CHORITO;
23;2020;CONGRIO DORADO;
23;2020;ERIZO;0.69
23;2020;LUGA-ROJA;
23;2020;MERLUZA DE COLA;
23;2020;MERLUZA DEL SUR O AUSTRAL;0.85
23;2020;OSTION DEL SUR;
23;2020;ROBALO;
23;2021;ALMEJA;0.360872639
23;2021;CENTOLLA;1
23;2021;CENTOLLON;
23;2021;CHANCHARRO;
23;2021;CHOLGA;
23;2021;CHORITO;
23;2021;CONGRIO COLORADO;
23;2021;CONGRIO DORADO;
23;2021;ERIZO;0.69
23;2021;LUGA-ROJA;
23;2021;MERLUZA DE COLA;
23;2021;MERLUZA DEL SUR O AUSTRAL;0.85
23;2021;OSTION DEL SUR;
23;2021;PEJERREY DE MAR;
23;2021;ROBALO;
24;2017;CHORITO;
24;2018;ALMEJA;0.360872639
24;2019;ALMEJA;0.360872639
24;2020;ALMEJA;0.360872639
24;2020;CHOLGA;
24;2020;CHORO;
24;2021;ALMEJA;0.360872639
24;2021;CHOLGA;
24;2021;CHORITO;
25;2017;ALMEJA;0.360872639
25;2017;CABRILLA ESPAÑOLA;
25;2017;CHANCHARRO;
25;2017;CULENGUE;
25;2017;ERIZO;0.69
25;2017;JAIBA MORA;
25;2017;LAPA NEGRA;
25;2017;PICOROCO;
25;2017;PIURE;
25;2017;ROBALO;
25;2017;ROLLIZO;
25;2017;SIERRA;
25;2018;ALMEJA;0.360872639
25;2018;CABRILLA COMUN;
25;2018;CHANCHARRO;
25;2018;LAPA NEGRA;
25;2018;LAPA REINA;
25;2018;PICOROCO;
25;2018;PIURE;
25;2018;SIERRA;
25;2019;ALMEJA;0.360872639
25;2019;CABRILLA COMUN;
25;2019;CHANCHARRO;
25;2019;ERIZO;0.69
25;2019;LAPA NEGRA;
25;2019;LAPA REINA;
25;2019;PICOROCO;
25;2019;PIURE;
25;2019;SIERRA;
25;2020;ALMEJA;0.360872639
25;2020;COCHAYUYO;
25;2020;ERIZO;0.69
25;2020;LAPA NEGRA;
25;2020;PICOROCO;
25;2020;PIURE;
25;2021;ALMEJA;0.360872639
25;2021;ERIZO;0.69
25;2021;PICOROCO;
25;2021;PIURE;
25;2021;ROBALO;
25;2021;SIERRA;
26;2017;ALMEJA;0.360872639
26;2017;CENTOLLA;1
26;2017;CHOLGA;
26;2017;CHORITO;
26;2017;CHORO;
26;2017;CULENGUE;
26;2017;ERIZO;0.69
26;2017;HUEPO O NAVAJA DE MAR;
26;2017;HUIRO;
26;2017;JAIBA MARMOLA;
26;2017;LUGA-ROJA;
26;2017;LUGA NEGRA O CRESPA;
26;2017;NAVAJUELA;
26;2017;PEJEGALLO;
26;2017;PULPO DEL SUR;
26;2017;ROBALO;
26;2017;ROLLIZO;
26;2017;SARDINA AUSTRAL;1
26;2017;TUMBAO;
26;2018;ALMEJA;0.360872639
26;2018;CENTOLLA;1
26;2018;CHOLGA;
26;2018;CHORO;
26;2018;ERIZO;0.69
26;2018;HUEPO O NAVAJA DE MAR;
26;2018;HUIRO;
26;2018;JAIBA MARMOLA;
26;2018;LUGA-ROJA;
26;2018;LUGA NEGRA O CRESPA;
26;2018;NAVAJUELA;
26;2018;PEJEGALLO;
26;2018;PULPO DEL SUR;
26;2018;REINETA;1
26;2018;ROBALO;
26;2018;SARDINA AUSTRAL;1
26;2018;SARDINA COMUN;
26;2019;ALMEJA;0.360872639
26;2019;ANCHOVETA;1
26;2019;BACALADILLO O MOTE;
26;2019;CENTOLLA;1
26;2019;CHOLGA;
26;2019;CHORO;
26;2019;COJINOBA DEL SUR O AZUL;
26;2019;ERIZO;0.69
26;2019;HUEPO O NAVAJA DE MAR;
26;2019;HUIRO;
26;2019;JAIBA MARMOLA;
26;2019;LUGA-ROJA;
26;2019;LUGA NEGRA O CRESPA;
26;2019;MERLUZA DEL SUR O AUSTRAL;0.85
26;2019;NAVAJUELA;
26;2019;PEJEGALLO;
26;2019;PULPO DEL SUR;
26;2019;SARDINA AUSTRAL;1
26;2019;SARDINA COMUN;
26;2019;SIERRA;
26;2020;ALMEJA;0.360872639
26;2020;CENTOLLA;1
26;2020;CHOLGA;
26;2020;CHORO;
26;2020;ERIZO;0.69
26;2020;HUEPO O NAVAJA DE MAR;
26;2020;HUIRO;
26;2020;JAIBA MARMOLA;
26;2020;JAIBA REINA;
26;2020;LUGA-ROJA;
26;2020;LUGA NEGRA O CRESPA;
26;2020;PEJEGALLO;
26;2020;PULPO DEL SUR;
26;2020;ROLLIZO;
26;2020;SARDINA AUSTRAL;1
26;2020;SARDINA COMUN;
26;2021;ALMEJA;0.360872639
26;2021;ANCHOVETA;1
26;2021;BACALADILLO O MOTE;
26;2021;CENTOLLA;1
26;2021;CHOLGA;
26;2021;CHORO;
26;2021;CONGRIO COLORADO;
26;2021;ERIZO;0.69
26;2021;HUIRO;
26;2021;JAIBA MARMOLA;
26;2021;JAIBA REINA;
26;2021;LANGOSTINO DE LOS CANALES;
26;2021;LUGA-ROJA;
26;2021;LUGA NEGRA O CRESPA;
26;2021;MERLUZA DEL SUR O AUSTRAL;0.85
26;2021;PULPO DEL SUR;
26;2021;ROBALO;
26;2021;SARDINA AUSTRAL;1
26;2021;SARDINA COMUN;
27;2017;ALMEJA;0.360872639
27;2017;BACALAO DE PROFUNDIDAD;
27;2017;CARACOL TRUMULCO;
27;2017;CENTOLLA;1
27;2017;CHOLGA;
27;2017;CHORITO;
27;2017;CHORO;
27;2017;CONGRIO COLORADO;
27;2017;CONGRIO DORADO;
27;2017;CORVINA;
27;2017;CULENGUE;
27;2017;ERIZO;0.69
27;2017;HUIRO;
27;2017;JAIBA MARMOLA;
27;2017;LUGA-ROJA;
27;2017;LUGA NEGRA O CRESPA;
27;2017;NAVAJUELA;
27;2017;OSTRA CHILENA;
27;2017;PEJEGALLO;
27;2017;PEJERREY DE MAR;
27;2017;PEPINO DE MAR;
27;2017;PULPO DEL SUR;
27;2017;PULPO ENANO;
27;2017;REINETA;1
27;2017;ROBALO;
27;2017;SIERRA;
27;2017;TOLLO;
27;2018;ALMEJA;0.360872639
27;2018;BACALAO DE PROFUNDIDAD;
27;2018;CARACOL PALO PALO;
27;2018;CARACOL TRUMULCO;
27;2018;CENTOLLA;1
27;2018;CHOLGA;
27;2018;CHORITO;
27;2018;CHORO;
27;2018;COCHAYUYO;
27;2018;CONGRIO COLORADO;
27;2018;CONGRIO NEGRO;
27;2018;CORVINA;
27;2018;CULENGUE;
27;2018;ERIZO;0.69
27;2018;JAIBA MARMOLA;
27;2018;LUGA-ROJA;
27;2018;LUGA NEGRA O CRESPA;
27;2018;NAVAJUELA;
27;2018;PEJEGALLO;
27;2018;PEJERREY DE MAR;
27;2018;PEPINO DE MAR;
27;2018;PULPO DEL SUR;
27;2018;REINETA;1
27;2018;ROBALO;
27;2018;SARDINA AUSTRAL;1
27;2018;SARDINA COMUN;
27;2018;SIERRA;
27;2018;TOLLO;
27;2019;ALMEJA;0.360872639
27;2019;BACALAO DE PROFUNDIDAD;
27;2019;CARACOL PALO PALO;
27;2019;CARACOL TRUMULCO;
27;2019;CENTOLLA;1
27;2019;CHOLGA;
27;2019;CHORITO;
27;2019;CHORO;
27;2019;CONGRIO COLORADO;
27;2019;CONGRIO DORADO;
27;2019;CORVINA;
27;2019;ERIZO;0.69
27;2019;HUIRO;
27;2019;JAIBA MARMOLA;
27;2019;JIBIA O CALAMAR ROJO;
27;2019;LUGA-ROJA;
27;2019;LUGA NEGRA O CRESPA;
27;2019;PEJEGALLO;
27;2019;PEJERREY DE MAR;
27;2019;PEPINO DE MAR;
27;2019;PULPO DEL SUR;
27;2019;REINETA;1
27;2019;ROBALO;
27;2019;ROLLIZO;
27;2019;SIERRA;
27;2019;TOLLO;
27;2020;ALMEJA;0.360872639
27;2020;ANCHOVETA;1
27;2020;BACALADILLO O MOTE;
27;2020;BACALAO DE PROFUNDIDAD;
27;2020;BLANQUILLO;
27;2020;CARACOL PALO PALO;
27;2020;CARACOL TRUMULCO;
27;2020;CENTOLLA;1
27;2020;CHOLGA;
27;2020;CHORITO;
27;2020;CHORO;
27;2020;COCHAYUYO;
27;2020;CONGRIO COLORADO;
27;2020;CORVINA;
27;2020;ERIZO;0.69
27;2020;JAIBA MARMOLA;
27;2020;JAIBA MORA;
27;2020;JIBIA O CALAMAR ROJO;
27;2020;LUGA-ROJA;
27;2020;LUGA NEGRA O CRESPA;
27;2020;PEJERREY DE MAR;
27;2020;PIURE;
27;2020;PULPO DEL SUR;
27;2020;REINETA;1
27;2020;ROBALO;
27;2020;ROLLIZO;
27;2020;SARDINA AUSTRAL;1
27;2020;SARDINA COMUN;
27;2020;SIERRA;
27;2021;ALMEJA;0.360872639
27;2021;BACALAO DE PROFUNDIDAD;
27;2021;BLANQUILLO;
27;2021;CARACOL TRUMULCO;
27;2021;CENTOLLA;1
27;2021;CHOLGA;
27;2021;CHORITO;
27;2021;CHORO;
27;2021;CORVINA;
27;2021;ERIZO;0.69
27;2021;JAIBA MARMOLA;
27;2021;JAIBA MORA;
27;2021;LUGA-ROJA;
27;2021;LUGA NEGRA O CRESPA;
27;2021;NAVAJUELA;
27;2021;OSTRA CHILENA;
27;2021;PEJERREY DE MAR;
27;2021;PULPO DEL SUR;
27;2021;REINETA;1
27;2021;ROBALO;
27;2021;ROLLIZO;
27;2021;SARDINA AUSTRAL;1
27;2021;SIERRA;
28;2017;ALMEJA;0.360872639
28;2017;CABRILLA COMUN;
28;2017;CENTOLLA;1
28;2017;CENTOLLON;
28;2017;CHOLGA;
28;2017;CHORO;
28;2017;CONGRIO COLORADO;
28;2017;CONGRIO DORADO;
28;2017;CONGRIO NEGRO;
28;2017;CULENGUE;
28;2017;ERIZO;0.69
28;2017;HUEPO O NAVAJA DE MAR;
28;2017;JAIBA MARMOLA;
28;2017;JULIANA O TAWERA;0.85
28;2017;LUGA-ROJA;
28;2017;LUGA NEGRA O CRESPA;
28;2017;MERLUZA DEL SUR O AUSTRAL;0.85
28;2017;NAVAJUELA;
28;2017;PEJEGALLO;
28;2017;PEJERREY DE MAR;
28;2017;PELILLO;
28;2017;PULPO DEL SUR;
28;2017;ROBALO;
28;2017;ROLLIZO;
28;2017;SIERRA;
28;2017;TUMBAO;
28;2018;ALMEJA;0.360872639
28;2018;CABRILLA COMUN;
28;2018;CARACOL PALO PALO;
28;2018;CENTOLLA;1
28;2018;CHANCHARRO;
28;2018;CHOLGA;
28;2018;CHORITO;
28;2018;CHORO;
28;2018;COCHAYUYO;
28;2018;CONGRIO COLORADO;
28;2018;CONGRIO DORADO;
28;2018;CONGRIO NEGRO;
28;2018;CORVINA;
28;2018;CULENGUE;
28;2018;ERIZO;0.69
28;2018;HUEPO O NAVAJA DE MAR;
28;2018;JAIBA MARMOLA;
28;2018;JULIANA O TAWERA;0.85
28;2018;LUCHE;
28;2018;LUGA-ROJA;
28;2018;LUGA NEGRA O CRESPA;
28;2018;MERLUZA DEL SUR O AUSTRAL;0.85
28;2018;NAVAJUELA;
28;2018;PEJEGALLO;
28;2018;PEJERREY DE MAR;
28;2018;PULPO DEL SUR;
28;2018;RAYA VOLANTIN;
28;2018;ROBALO;
28;2018;ROLLIZO;
28;2018;SARDINA AUSTRAL;1
28;2018;TUMBAO;
28;2019;ALMEJA;0.360872639
28;2019;CENTOLLA;1
28;2019;CENTOLLON;
28;2019;CHANCHARRO;
28;2019;CHOLGA;
28;2019;CHORO;
28;2019;CONGRIO COLORADO;
28;2019;CONGRIO DORADO;
28;2019;CONGRIO NEGRO;
28;2019;CORVINA;
28;2019;CULENGUE;
28;2019;ERIZO;0.69
28;2019;HUEPO O NAVAJA DE MAR;
28;2019;JAIBA MARMOLA;
28;2019;JULIANA O TAWERA;0.85
28;2019;LUCHE;
28;2019;LUGA-ROJA;
28;2019;LUGA NEGRA O CRESPA;
28;2019;MERLUZA DEL SUR O AUSTRAL;0.85
28;2019;NAVAJUELA;
28;2019;PEJEGALLO;
28;2019;PEJERREY DE MAR;
28;2019;PULPO DEL SUR;
28;2019;RAYA ESPINOSA;
28;2019;RAYA VOLANTIN;
28;2019;ROBALO;
28;2019;ROLLIZO;
28;2019;SARDINA AUSTRAL;1
28;2019;SIERRA;
28;2019;TOLLO;
28;2019;TUMBAO;
28;2020;ALMEJA;0.360872639
28;2020;ATUN LANZON;
28;2020;CENTOLLA;1
28;2020;CHANCHARRO;
28;2020;CHOLGA;
28;2020;CHORITO;
28;2020;CHORO;
28;2020;CONGRIO COLORADO;
28;2020;CONGRIO DORADO;
28;2020;CORVINA;
28;2020;CULENGUE;
28;2020;ERIZO;0.69
28;2020;JAIBA MARMOLA;
28;2020;JULIANA O TAWERA;0.85
28;2020;LUGA-ROJA;
28;2020;MERLUZA DE COLA;
28;2020;MERLUZA DEL SUR O AUSTRAL;0.85
28;2020;NAVAJUELA;
28;2020;PEJEGALLO;
28;2020;PEJERREY DE MAR;
28;2020;PULPO DEL SUR;
28;2020;RAYA ESPINOSA;
28;2020;ROBALO;
28;2020;ROLLIZO;
28;2020;SIERRA;
28;2020;TOLLO;
28;2020;TUMBAO;
28;2021;ALMEJA;0.360872639
28;2021;CENTOLLA;1
28;2021;CENTOLLON;
28;2021;CHANCHARRO;
28;2021;CHOLGA;
28;2021;CHORO;
28;2021;CONGRIO COLORADO;
28;2021;CONGRIO DORADO;
28;2021;CONGRIO NEGRO;
28;2021;CORVINA;
28;2021;CULENGUE;
28;2021;ERIZO;0.69
28;2021;JAIBA MARMOLA;
28;2021;JULIANA O TAWERA;0.85
28;2021;LUGA-ROJA;
28;2021;MERLUZA COMUN;
28;2021;MERLUZA DEL SUR O AUSTRAL;0.85
28;2021;NAVAJUELA;
28;2021;OSTRA CHILENA;
28;2021;PEJEGALLO;
28;2021;PEJERREY DE MAR;
28;2021;PULPO DEL SUR;
28;2021;ROBALO;
28;2021;ROLLIZO;
28;2021;SIERRA;
28;2021;TOLLO;
28;2021;TUMBAO;
29;2017;ALMEJA;0.360872639
29;2017;CABRILLA COMUN;
29;2017;CENTOLLA;1
29;2017;CONGRIO DORADO;
29;2017;ERIZO;0.69
29;2017;HUIRO;
29;2017;JAIBA MARMOLA;
29;2017;LUGA-ROJA;
29;2017;LUGA NEGRA O CRESPA;
29;2017;MERLUZA DEL SUR O AUSTRAL;0.85
29;2017;ROBALO;
29;2018;ALMEJA;0.360872639
29;2018;BROTULA;
29;2018;CENTOLLA;1
29;2018;CHOLGA;
29;2018;CHORO;
29;2018;CONGRIO DORADO;
29;2018;ERIZO;0.69
29;2018;HUIRO;
29;2018;LUGA NEGRA O CRESPA;
29;2018;MERLUZA DEL SUR O AUSTRAL;0.85
29;2018;OSTRA CHILENA;
29;2018;PEJEGALLO;
29;2018;PEJERREY DE MAR;
29;2018;PULPO DEL SUR;
29;2018;ROBALO;
29;2018;SIERRA;
29;2019;ALMEJA;0.360872639
29;2019;CENTOLLA;1
29;2019;CONGRIO DORADO;
29;2019;ERIZO;0.69
29;2019;LUGA NEGRA O CRESPA;
29;2019;MERLUZA DEL SUR O AUSTRAL;0.85
29;2019;PULPO DEL SUR;
29;2020;CHOLGA;
29;2020;CONGRIO COLORADO;
29;2020;CONGRIO DORADO;
29;2020;ERIZO;0.69
29;2020;JULIANA O TAWERA;0.85
29;2020;LUGA NEGRA O CRESPA;
29;2020;MERLUZA DEL SUR O AUSTRAL;0.85
29;2020;PEJEGALLO;
29;2020;PULPO DEL SUR;
29;2020;ROBALO;
29;2020;ROLLIZO;
29;2021;ALMEJA;0.360872639
29;2021;CENTOLLA;1
29;2021;CHOLGA;
29;2021;CONGRIO DORADO;
29;2021;ERIZO;0.69
29;2021;LUGA-ROJA;
29;2021;MERLUZA DEL SUR O AUSTRAL;0.85
29;2021;PEJEGALLO;
29;2021;PEJERREY DE MAR;
29;2021;PULPO DEL SUR;
29;2021;RAYA ESPINOSA;
29;2021;ROBALO;
29;2021;SIERRA;
30;2017;CHOLGA;
31;2017;ALMEJA;0.360872639
31;2017;CENTOLLA;1
31;2017;CENTOLLON;
31;2017;CHOLGA;
31;2017;CONGRIO DORADO;
31;2017;ERIZO;0.69
31;2017;LUGA-ROJA;
31;2017;PEJERREY DE MAR;
31;2017;ROBALO;
31;2018;ALMEJA;0.360872639
31;2018;CENTOLLA;1
31;2018;CENTOLLON;
31;2018;CHOLGA;
31;2018;COJINOBA DEL SUR O AZUL;
31;2018;CONGRIO DORADO;
31;2018;ERIZO;0.69
31;2018;LUGA-ROJA;
31;2018;MERLUZA DEL SUR O AUSTRAL;0.85
31;2018;ROBALO;
31;2019;CENTOLLA;1
31;2019;CENTOLLON;
31;2019;CHOLGA;
31;2019;ERIZO;0.69
31;2020;CENTOLLA;1
31;2020;CENTOLLON;
31;2020;ERIZO;0.69
31;2020;LUGA-ROJA;
31;2020;ROBALO;
31;2021;CENTOLLA;1
31;2021;CENTOLLON;
31;2021;ROBALO;
33;2017;ALMEJA;0.360872639
33;2017;BONITO;
33;2017;CABRILLA ESPAÑOLA;
33;2017;CHORO;
33;2017;COCHAYUYO;
33;2017;COJINOBA DEL SUR O AZUL;
33;2017;CONGRIO COLORADO;
33;2017;CORVINA;
33;2017;ERIZO;0.69
33;2017;HUIRO NEGRO O CHASCON;
33;2017;HUIRO PALO;
33;2017;JAIBA MORA;
33;2017;JAIBA PELUDA O PACHONA;
33;2017;LAPA ROSADA;
33;2017;LUGA NEGRA O CRESPA;
33;2017;PEJEGALLO;
33;2017;PIURE;
33;2017;REINETA;1
33;2017;ROBALO;
33;2017;SIERRA;
33;2018;BLANQUILLO;
33;2018;CABRILLA COMUN;
33;2018;CHANCHARRO;
33;2018;CHORITO;
33;2018;CHORO;
33;2018;COCHAYUYO;
33;2018;CONGRIO COLORADO;
33;2018;CORVINA;
33;2018;ERIZO;0.69
33;2018;HUIRO NEGRO O CHASCON;
33;2018;JAIBA MORA;
33;2018;JAIBA PACO;
33;2018;JAIBA REMADORA;
33;2018;JIBIA O CALAMAR ROJO;
33;2018;LAPA NEGRA;
33;2018;LAPA ROSADA;
33;2018;LUGA NEGRA O CRESPA;
33;2018;PEJEGALLO;
33;2018;PICOROCO;
33;2018;PIURE;
33;2018;PULPO ENANO;
33;2018;RAYA VOLANTIN;
33;2018;SIERRA;
33;2019;BLANQUILLO;
33;2019;CABRILLA COMUN;
33;2019;CABRILLA ESPAÑOLA;
33;2019;CHANCHARRO;
33;2019;CHORO;
33;2019;COCHAYUYO;
33;2019;CONGRIO COLORADO;
33;2019;CORVINA;
33;2019;ERIZO;0.69
33;2019;JAIBA MARMOLA;
33;2019;JAIBA MORA;
33;2019;JAIBA PACO;
33;2019;JAIBA REINA;
33;2019;JAIBA REMADORA;
33;2019;LAPA NEGRA;
33;2019;LAPA ROSADA;
33;2019;PEJEGALLO;
33;2019;PEJERREY DE MAR;
33;2019;PIURE;
33;2019;RAYA VOLANTIN;
33;2019;ROLLIZO;
33;2019;SIERRA;
33;2019;VIEJA O MULATA;
33;2020;BROTULA;
33;2020;CABRILLA COMUN;
33;2020;CABRILLA ESPAÑOLA;
33;2020;CHANCHARRO;
33;2020;COCHAYUYO;
33;2020;CONGRIO COLORADO;
33;2020;ERIZO;0.69
33;2020;JAIBA MORA;
33;2020;JAIBA PACO;
33;2020;JAIBA PELUDA O PACHONA;
33;2020;JAIBA REINA;
33;2020;JAIBA REMADORA;
33;2020;LAPA NEGRA;
33;2020;LENGUADO;
33;2020;PEJEGALLO;
33;2020;PICOROCO;
33;2020;PIURE;
33;2020;PULPO ENANO;
33;2020;RAYA ESPINOSA;
33;2020;RAYA VOLANTIN;
33;2020;REINETA;1
33;2020;ROLLIZO;
33;2020;SIERRA;
33;2021;CHANCHARRO;
33;2021;COCHAYUYO;
33;2021;CONGRIO COLORADO;
33;2021;CORVINA;
33;2021;ERIZO;0.69
33;2021;HUIRO NEGRO O CHASCON;
33;2021;JAIBA PACO;
33;2021;JAIBA REINA;
33;2021;JAIBA REMADORA;
33;2021;LAPA NEGRA;
33;2021;LAPA ROSADA;
33;2021;LENGUADO;
33;2021;PEJEGALLO;
33;2021;PIURE;
33;2021;RAYA ESPINOSA;
33;2021;RAYA VOLANTIN;
33;2021;ROLLIZO;
33;2021;SIERRA;
36;2017;CONGRIO DORADO;
36;2017;LUGA-ROJA;
36;2018;CENTOLLA;1
36;2018;COJINOBA DEL SUR O AZUL;
36;2018;CONGRIO DORADO;
36;2018;JAIBA MARMOLA;
36;2018;LUGA-ROJA;
36;2018;MERLUZA DEL SUR O AUSTRAL;0.85
36;2018;REINETA;1
36;2019;CENTOLLA;1
36;2019;CONGRIO DORADO;
36;2019;LUGA-ROJA;
36;2019;MERLUZA DEL SUR O AUSTRAL;0.85
36;2019;REINETA;1
36;2020;CENTOLLA;1
36;2020;CONGRIO DORADO;
36;2020;JAIBA MARMOLA;
36;2020;MERLUZA DEL SUR O AUSTRAL;0.85
36;2020;PEJERREY DE MAR;
36;2020;RAYA ESPINOSA;
36;2020;RAYA VOLANTIN;
36;2020;REINETA;1
36;2020;ROBALO;
36;2021;LUGA-ROJA;
