"rgn_id","product","year","usd"
2,"corals",1994,569
11,"corals",1994,569
4,"corals",1994,569
9,"corals",1994,569
5,"corals",1994,569
8,"corals",1994,569
7,"corals",1994,569
3,"corals",1994,569
1,"corals",1994,569
6,"corals",1994,569
12,"corals",1994,569
10,"corals",1994,569
2,"corals",1995,493.75
11,"corals",1995,493.75
4,"corals",1995,493.75
9,"corals",1995,493.75
5,"corals",1995,493.75
8,"corals",1995,493.75
7,"corals",1995,493.75
3,"corals",1995,493.75
1,"corals",1995,493.75
6,"corals",1995,493.75
12,"corals",1995,493.75
10,"corals",1995,493.75
2,"corals",1996,412
11,"corals",1996,412
4,"corals",1996,412
9,"corals",1996,412
5,"corals",1996,412
8,"corals",1996,412
7,"corals",1996,412
3,"corals",1996,412
1,"corals",1996,412
6,"corals",1996,412
12,"corals",1996,412
10,"corals",1996,412
2,"corals",1997,295.5
11,"corals",1997,295.5
4,"corals",1997,295.5
9,"corals",1997,295.5
5,"corals",1997,295.5
8,"corals",1997,295.5
7,"corals",1997,295.5
3,"corals",1997,295.5
1,"corals",1997,295.5
6,"corals",1997,295.5
12,"corals",1997,295.5
10,"corals",1997,295.5
2,"corals",1998,257.25
11,"corals",1998,257.25
4,"corals",1998,257.25
9,"corals",1998,257.25
5,"corals",1998,257.25
8,"corals",1998,257.25
7,"corals",1998,257.25
3,"corals",1998,257.25
1,"corals",1998,257.25
6,"corals",1998,257.25
12,"corals",1998,257.25
10,"corals",1998,257.25
2,"corals",1999,275.5
11,"corals",1999,275.5
4,"corals",1999,275.5
9,"corals",1999,275.5
5,"corals",1999,275.5
8,"corals",1999,275.5
7,"corals",1999,275.5
3,"corals",1999,275.5
1,"corals",1999,275.5
6,"corals",1999,275.5
12,"corals",1999,275.5
10,"corals",1999,275.5
2,"corals",2000,227.5
11,"corals",2000,227.5
4,"corals",2000,227.5
9,"corals",2000,227.5
5,"corals",2000,227.5
8,"corals",2000,227.5
7,"corals",2000,227.5
3,"corals",2000,227.5
1,"corals",2000,227.5
6,"corals",2000,227.5
12,"corals",2000,227.5
10,"corals",2000,227.5
2,"corals",2001,220.5
11,"corals",2001,220.5
4,"corals",2001,220.5
9,"corals",2001,220.5
5,"corals",2001,220.5
8,"corals",2001,220.5
7,"corals",2001,220.5
3,"corals",2001,220.5
1,"corals",2001,220.5
6,"corals",2001,220.5
12,"corals",2001,220.5
10,"corals",2001,220.5
2,"corals",2002,193
11,"corals",2002,193
4,"corals",2002,193
9,"corals",2002,193
5,"corals",2002,193
8,"corals",2002,193
7,"corals",2002,193
3,"corals",2002,193
1,"corals",2002,193
6,"corals",2002,193
12,"corals",2002,193
10,"corals",2002,193
2,"corals",2003,123
11,"corals",2003,123
4,"corals",2003,123
9,"corals",2003,123
5,"corals",2003,123
8,"corals",2003,123
7,"corals",2003,123
3,"corals",2003,123
1,"corals",2003,123
6,"corals",2003,123
12,"corals",2003,123
10,"corals",2003,123
2,"corals",2004,106
11,"corals",2004,106
4,"corals",2004,106
9,"corals",2004,106
5,"corals",2004,106
8,"corals",2004,106
7,"corals",2004,106
3,"corals",2004,106
1,"corals",2004,106
6,"corals",2004,106
12,"corals",2004,106
10,"corals",2004,106
2,"corals",2005,68.25
11,"corals",2005,68.25
4,"corals",2005,68.25
9,"corals",2005,68.25
5,"corals",2005,68.25
8,"corals",2005,68.25
7,"corals",2005,68.25
3,"corals",2005,68.25
1,"corals",2005,68.25
6,"corals",2005,68.25
12,"corals",2005,68.25
10,"corals",2005,68.25
2,"corals",2006,43.25
11,"corals",2006,43.25
4,"corals",2006,43.25
9,"corals",2006,43.25
5,"corals",2006,43.25
8,"corals",2006,43.25
7,"corals",2006,43.25
3,"corals",2006,43.25
1,"corals",2006,43.25
6,"corals",2006,43.25
12,"corals",2006,43.25
10,"corals",2006,43.25
2,"corals",2007,28
11,"corals",2007,28
4,"corals",2007,28
9,"corals",2007,28
5,"corals",2007,28
8,"corals",2007,28
7,"corals",2007,28
3,"corals",2007,28
1,"corals",2007,28
6,"corals",2007,28
12,"corals",2007,28
10,"corals",2007,28
2,"corals",2008,0
11,"corals",2008,0
4,"corals",2008,0
9,"corals",2008,0
5,"corals",2008,0
8,"corals",2008,0
7,"corals",2008,0
3,"corals",2008,0
1,"corals",2008,0
6,"corals",2008,0
12,"corals",2008,0
10,"corals",2008,0
2,"corals",2009,0
11,"corals",2009,0
4,"corals",2009,0
9,"corals",2009,0
5,"corals",2009,0
8,"corals",2009,0
7,"corals",2009,0
3,"corals",2009,0
1,"corals",2009,0
6,"corals",2009,0
12,"corals",2009,0
10,"corals",2009,0
2,"corals",2010,0
11,"corals",2010,0
4,"corals",2010,0
9,"corals",2010,0
5,"corals",2010,0
8,"corals",2010,0
7,"corals",2010,0
3,"corals",2010,0
1,"corals",2010,0
6,"corals",2010,0
12,"corals",2010,0
10,"corals",2010,0
2,"corals",2011,0
11,"corals",2011,0
4,"corals",2011,0
9,"corals",2011,0
5,"corals",2011,0
8,"corals",2011,0
7,"corals",2011,0
3,"corals",2011,0
1,"corals",2011,0
6,"corals",2011,0
12,"corals",2011,0
10,"corals",2011,0
2,"fish_oil",1976,14622.6666666667
11,"fish_oil",1976,14622.6666666667
4,"fish_oil",1976,14622.6666666667
9,"fish_oil",1976,14622.6666666667
5,"fish_oil",1976,14622.6666666667
8,"fish_oil",1976,14622.6666666667
7,"fish_oil",1976,14622.6666666667
3,"fish_oil",1976,14622.6666666667
1,"fish_oil",1976,14622.6666666667
6,"fish_oil",1976,14622.6666666667
12,"fish_oil",1976,14622.6666666667
10,"fish_oil",1976,14622.6666666667
2,"fish_oil",1977,16333.75
11,"fish_oil",1977,16333.75
4,"fish_oil",1977,16333.75
9,"fish_oil",1977,16333.75
5,"fish_oil",1977,16333.75
8,"fish_oil",1977,16333.75
7,"fish_oil",1977,16333.75
3,"fish_oil",1977,16333.75
1,"fish_oil",1977,16333.75
6,"fish_oil",1977,16333.75
12,"fish_oil",1977,16333.75
10,"fish_oil",1977,16333.75
2,"fish_oil",1978,22365.25
11,"fish_oil",1978,22365.25
4,"fish_oil",1978,22365.25
9,"fish_oil",1978,22365.25
5,"fish_oil",1978,22365.25
8,"fish_oil",1978,22365.25
7,"fish_oil",1978,22365.25
3,"fish_oil",1978,22365.25
1,"fish_oil",1978,22365.25
6,"fish_oil",1978,22365.25
12,"fish_oil",1978,22365.25
10,"fish_oil",1978,22365.25
2,"fish_oil",1979,26322.75
11,"fish_oil",1979,26322.75
4,"fish_oil",1979,26322.75
9,"fish_oil",1979,26322.75
5,"fish_oil",1979,26322.75
8,"fish_oil",1979,26322.75
7,"fish_oil",1979,26322.75
3,"fish_oil",1979,26322.75
1,"fish_oil",1979,26322.75
6,"fish_oil",1979,26322.75
12,"fish_oil",1979,26322.75
10,"fish_oil",1979,26322.75
2,"fish_oil",1980,27500.5
11,"fish_oil",1980,27500.5
4,"fish_oil",1980,27500.5
9,"fish_oil",1980,27500.5
5,"fish_oil",1980,27500.5
8,"fish_oil",1980,27500.5
7,"fish_oil",1980,27500.5
3,"fish_oil",1980,27500.5
1,"fish_oil",1980,27500.5
6,"fish_oil",1980,27500.5
12,"fish_oil",1980,27500.5
10,"fish_oil",1980,27500.5
2,"fish_oil",1981,23818.25
11,"fish_oil",1981,23818.25
4,"fish_oil",1981,23818.25
9,"fish_oil",1981,23818.25
5,"fish_oil",1981,23818.25
8,"fish_oil",1981,23818.25
7,"fish_oil",1981,23818.25
3,"fish_oil",1981,23818.25
1,"fish_oil",1981,23818.25
6,"fish_oil",1981,23818.25
12,"fish_oil",1981,23818.25
10,"fish_oil",1981,23818.25
2,"fish_oil",1982,22303.5
11,"fish_oil",1982,22303.5
4,"fish_oil",1982,22303.5
9,"fish_oil",1982,22303.5
5,"fish_oil",1982,22303.5
8,"fish_oil",1982,22303.5
7,"fish_oil",1982,22303.5
3,"fish_oil",1982,22303.5
1,"fish_oil",1982,22303.5
6,"fish_oil",1982,22303.5
12,"fish_oil",1982,22303.5
10,"fish_oil",1982,22303.5
2,"fish_oil",1983,24459.25
11,"fish_oil",1983,24459.25
4,"fish_oil",1983,24459.25
9,"fish_oil",1983,24459.25
5,"fish_oil",1983,24459.25
8,"fish_oil",1983,24459.25
7,"fish_oil",1983,24459.25
3,"fish_oil",1983,24459.25
1,"fish_oil",1983,24459.25
6,"fish_oil",1983,24459.25
12,"fish_oil",1983,24459.25
10,"fish_oil",1983,24459.25
2,"fish_oil",1984,22359.75
11,"fish_oil",1984,22359.75
4,"fish_oil",1984,22359.75
9,"fish_oil",1984,22359.75
5,"fish_oil",1984,22359.75
8,"fish_oil",1984,22359.75
7,"fish_oil",1984,22359.75
3,"fish_oil",1984,22359.75
1,"fish_oil",1984,22359.75
6,"fish_oil",1984,22359.75
12,"fish_oil",1984,22359.75
10,"fish_oil",1984,22359.75
2,"fish_oil",1985,24849.75
11,"fish_oil",1985,24849.75
4,"fish_oil",1985,24849.75
9,"fish_oil",1985,24849.75
5,"fish_oil",1985,24849.75
8,"fish_oil",1985,24849.75
7,"fish_oil",1985,24849.75
3,"fish_oil",1985,24849.75
1,"fish_oil",1985,24849.75
6,"fish_oil",1985,24849.75
12,"fish_oil",1985,24849.75
10,"fish_oil",1985,24849.75
2,"fish_oil",1986,23592.75
11,"fish_oil",1986,23592.75
4,"fish_oil",1986,23592.75
9,"fish_oil",1986,23592.75
5,"fish_oil",1986,23592.75
8,"fish_oil",1986,23592.75
7,"fish_oil",1986,23592.75
3,"fish_oil",1986,23592.75
1,"fish_oil",1986,23592.75
6,"fish_oil",1986,23592.75
12,"fish_oil",1986,23592.75
10,"fish_oil",1986,23592.75
2,"fish_oil",1987,20347.5
11,"fish_oil",1987,20347.5
4,"fish_oil",1987,20347.5
9,"fish_oil",1987,20347.5
5,"fish_oil",1987,20347.5
8,"fish_oil",1987,20347.5
7,"fish_oil",1987,20347.5
3,"fish_oil",1987,20347.5
1,"fish_oil",1987,20347.5
6,"fish_oil",1987,20347.5
12,"fish_oil",1987,20347.5
10,"fish_oil",1987,20347.5
2,"fish_oil",1988,19317.25
11,"fish_oil",1988,19317.25
4,"fish_oil",1988,19317.25
9,"fish_oil",1988,19317.25
5,"fish_oil",1988,19317.25
8,"fish_oil",1988,19317.25
7,"fish_oil",1988,19317.25
3,"fish_oil",1988,19317.25
1,"fish_oil",1988,19317.25
6,"fish_oil",1988,19317.25
12,"fish_oil",1988,19317.25
10,"fish_oil",1988,19317.25
2,"fish_oil",1989,21765.75
11,"fish_oil",1989,21765.75
4,"fish_oil",1989,21765.75
9,"fish_oil",1989,21765.75
5,"fish_oil",1989,21765.75
8,"fish_oil",1989,21765.75
7,"fish_oil",1989,21765.75
3,"fish_oil",1989,21765.75
1,"fish_oil",1989,21765.75
6,"fish_oil",1989,21765.75
12,"fish_oil",1989,21765.75
10,"fish_oil",1989,21765.75
2,"fish_oil",1990,19654
11,"fish_oil",1990,19654
4,"fish_oil",1990,19654
9,"fish_oil",1990,19654
5,"fish_oil",1990,19654
8,"fish_oil",1990,19654
7,"fish_oil",1990,19654
3,"fish_oil",1990,19654
1,"fish_oil",1990,19654
6,"fish_oil",1990,19654
12,"fish_oil",1990,19654
10,"fish_oil",1990,19654
2,"fish_oil",1991,18737.25
11,"fish_oil",1991,18737.25
4,"fish_oil",1991,18737.25
9,"fish_oil",1991,18737.25
5,"fish_oil",1991,18737.25
8,"fish_oil",1991,18737.25
7,"fish_oil",1991,18737.25
3,"fish_oil",1991,18737.25
1,"fish_oil",1991,18737.25
6,"fish_oil",1991,18737.25
12,"fish_oil",1991,18737.25
10,"fish_oil",1991,18737.25
2,"fish_oil",1992,26102
11,"fish_oil",1992,26102
4,"fish_oil",1992,26102
9,"fish_oil",1992,26102
5,"fish_oil",1992,26102
8,"fish_oil",1992,26102
7,"fish_oil",1992,26102
3,"fish_oil",1992,26102
1,"fish_oil",1992,26102
6,"fish_oil",1992,26102
12,"fish_oil",1992,26102
10,"fish_oil",1992,26102
2,"fish_oil",1993,31774
11,"fish_oil",1993,31774
4,"fish_oil",1993,31774
9,"fish_oil",1993,31774
5,"fish_oil",1993,31774
8,"fish_oil",1993,31774
7,"fish_oil",1993,31774
3,"fish_oil",1993,31774
1,"fish_oil",1993,31774
6,"fish_oil",1993,31774
12,"fish_oil",1993,31774
10,"fish_oil",1993,31774
2,"fish_oil",1994,38433.5
11,"fish_oil",1994,38433.5
4,"fish_oil",1994,38433.5
9,"fish_oil",1994,38433.5
5,"fish_oil",1994,38433.5
8,"fish_oil",1994,38433.5
7,"fish_oil",1994,38433.5
3,"fish_oil",1994,38433.5
1,"fish_oil",1994,38433.5
6,"fish_oil",1994,38433.5
12,"fish_oil",1994,38433.5
10,"fish_oil",1994,38433.5
2,"fish_oil",1995,36983.25
11,"fish_oil",1995,36983.25
4,"fish_oil",1995,36983.25
9,"fish_oil",1995,36983.25
5,"fish_oil",1995,36983.25
8,"fish_oil",1995,36983.25
7,"fish_oil",1995,36983.25
3,"fish_oil",1995,36983.25
1,"fish_oil",1995,36983.25
6,"fish_oil",1995,36983.25
12,"fish_oil",1995,36983.25
10,"fish_oil",1995,36983.25
2,"fish_oil",1996,26844
11,"fish_oil",1996,26844
4,"fish_oil",1996,26844
9,"fish_oil",1996,26844
5,"fish_oil",1996,26844
8,"fish_oil",1996,26844
7,"fish_oil",1996,26844
3,"fish_oil",1996,26844
1,"fish_oil",1996,26844
6,"fish_oil",1996,26844
12,"fish_oil",1996,26844
10,"fish_oil",1996,26844
2,"fish_oil",1997,17901.25
11,"fish_oil",1997,17901.25
4,"fish_oil",1997,17901.25
9,"fish_oil",1997,17901.25
5,"fish_oil",1997,17901.25
8,"fish_oil",1997,17901.25
7,"fish_oil",1997,17901.25
3,"fish_oil",1997,17901.25
1,"fish_oil",1997,17901.25
6,"fish_oil",1997,17901.25
12,"fish_oil",1997,17901.25
10,"fish_oil",1997,17901.25
2,"fish_oil",1998,8253.5
11,"fish_oil",1998,8253.5
4,"fish_oil",1998,8253.5
9,"fish_oil",1998,8253.5
5,"fish_oil",1998,8253.5
8,"fish_oil",1998,8253.5
7,"fish_oil",1998,8253.5
3,"fish_oil",1998,8253.5
1,"fish_oil",1998,8253.5
6,"fish_oil",1998,8253.5
12,"fish_oil",1998,8253.5
10,"fish_oil",1998,8253.5
2,"fish_oil",1999,5451.25
11,"fish_oil",1999,5451.25
4,"fish_oil",1999,5451.25
9,"fish_oil",1999,5451.25
5,"fish_oil",1999,5451.25
8,"fish_oil",1999,5451.25
7,"fish_oil",1999,5451.25
3,"fish_oil",1999,5451.25
1,"fish_oil",1999,5451.25
6,"fish_oil",1999,5451.25
12,"fish_oil",1999,5451.25
10,"fish_oil",1999,5451.25
2,"fish_oil",2000,7683.75
11,"fish_oil",2000,7683.75
4,"fish_oil",2000,7683.75
9,"fish_oil",2000,7683.75
5,"fish_oil",2000,7683.75
8,"fish_oil",2000,7683.75
7,"fish_oil",2000,7683.75
3,"fish_oil",2000,7683.75
1,"fish_oil",2000,7683.75
6,"fish_oil",2000,7683.75
12,"fish_oil",2000,7683.75
10,"fish_oil",2000,7683.75
2,"fish_oil",2001,6914.5
11,"fish_oil",2001,6914.5
4,"fish_oil",2001,6914.5
9,"fish_oil",2001,6914.5
5,"fish_oil",2001,6914.5
8,"fish_oil",2001,6914.5
7,"fish_oil",2001,6914.5
3,"fish_oil",2001,6914.5
1,"fish_oil",2001,6914.5
6,"fish_oil",2001,6914.5
12,"fish_oil",2001,6914.5
10,"fish_oil",2001,6914.5
2,"fish_oil",2002,10541.5
11,"fish_oil",2002,10541.5
4,"fish_oil",2002,10541.5
9,"fish_oil",2002,10541.5
5,"fish_oil",2002,10541.5
8,"fish_oil",2002,10541.5
7,"fish_oil",2002,10541.5
3,"fish_oil",2002,10541.5
1,"fish_oil",2002,10541.5
6,"fish_oil",2002,10541.5
12,"fish_oil",2002,10541.5
10,"fish_oil",2002,10541.5
2,"fish_oil",2003,16557.5
11,"fish_oil",2003,16557.5
4,"fish_oil",2003,16557.5
9,"fish_oil",2003,16557.5
5,"fish_oil",2003,16557.5
8,"fish_oil",2003,16557.5
7,"fish_oil",2003,16557.5
3,"fish_oil",2003,16557.5
1,"fish_oil",2003,16557.5
6,"fish_oil",2003,16557.5
12,"fish_oil",2003,16557.5
10,"fish_oil",2003,16557.5
2,"fish_oil",2004,24397.25
11,"fish_oil",2004,24397.25
4,"fish_oil",2004,24397.25
9,"fish_oil",2004,24397.25
5,"fish_oil",2004,24397.25
8,"fish_oil",2004,24397.25
7,"fish_oil",2004,24397.25
3,"fish_oil",2004,24397.25
1,"fish_oil",2004,24397.25
6,"fish_oil",2004,24397.25
12,"fish_oil",2004,24397.25
10,"fish_oil",2004,24397.25
2,"fish_oil",2005,34980.75
11,"fish_oil",2005,34980.75
4,"fish_oil",2005,34980.75
9,"fish_oil",2005,34980.75
5,"fish_oil",2005,34980.75
8,"fish_oil",2005,34980.75
7,"fish_oil",2005,34980.75
3,"fish_oil",2005,34980.75
1,"fish_oil",2005,34980.75
6,"fish_oil",2005,34980.75
12,"fish_oil",2005,34980.75
10,"fish_oil",2005,34980.75
2,"fish_oil",2006,56264.5
11,"fish_oil",2006,56264.5
4,"fish_oil",2006,56264.5
9,"fish_oil",2006,56264.5
5,"fish_oil",2006,56264.5
8,"fish_oil",2006,56264.5
7,"fish_oil",2006,56264.5
3,"fish_oil",2006,56264.5
1,"fish_oil",2006,56264.5
6,"fish_oil",2006,56264.5
12,"fish_oil",2006,56264.5
10,"fish_oil",2006,56264.5
2,"fish_oil",2007,63825
11,"fish_oil",2007,63825
4,"fish_oil",2007,63825
9,"fish_oil",2007,63825
5,"fish_oil",2007,63825
8,"fish_oil",2007,63825
7,"fish_oil",2007,63825
3,"fish_oil",2007,63825
1,"fish_oil",2007,63825
6,"fish_oil",2007,63825
12,"fish_oil",2007,63825
10,"fish_oil",2007,63825
2,"fish_oil",2008,65467.75
11,"fish_oil",2008,65467.75
4,"fish_oil",2008,65467.75
9,"fish_oil",2008,65467.75
5,"fish_oil",2008,65467.75
8,"fish_oil",2008,65467.75
7,"fish_oil",2008,65467.75
3,"fish_oil",2008,65467.75
1,"fish_oil",2008,65467.75
6,"fish_oil",2008,65467.75
12,"fish_oil",2008,65467.75
10,"fish_oil",2008,65467.75
2,"fish_oil",2009,74031.75
11,"fish_oil",2009,74031.75
4,"fish_oil",2009,74031.75
9,"fish_oil",2009,74031.75
5,"fish_oil",2009,74031.75
8,"fish_oil",2009,74031.75
7,"fish_oil",2009,74031.75
3,"fish_oil",2009,74031.75
1,"fish_oil",2009,74031.75
6,"fish_oil",2009,74031.75
12,"fish_oil",2009,74031.75
10,"fish_oil",2009,74031.75
2,"fish_oil",2010,64454.3333333333
11,"fish_oil",2010,64454.3333333333
4,"fish_oil",2010,64454.3333333333
9,"fish_oil",2010,64454.3333333333
5,"fish_oil",2010,64454.3333333333
8,"fish_oil",2010,64454.3333333333
7,"fish_oil",2010,64454.3333333333
3,"fish_oil",2010,64454.3333333333
1,"fish_oil",2010,64454.3333333333
6,"fish_oil",2010,64454.3333333333
12,"fish_oil",2010,64454.3333333333
10,"fish_oil",2010,64454.3333333333
2,"fish_oil",2011,68522
11,"fish_oil",2011,68522
4,"fish_oil",2011,68522
9,"fish_oil",2011,68522
5,"fish_oil",2011,68522
8,"fish_oil",2011,68522
7,"fish_oil",2011,68522
3,"fish_oil",2011,68522
1,"fish_oil",2011,68522
6,"fish_oil",2011,68522
12,"fish_oil",2011,68522
10,"fish_oil",2011,68522
2,"seaweeds",1990,16442.6666666667
11,"seaweeds",1990,16442.6666666667
4,"seaweeds",1990,16442.6666666667
9,"seaweeds",1990,16442.6666666667
5,"seaweeds",1990,16442.6666666667
8,"seaweeds",1990,16442.6666666667
7,"seaweeds",1990,16442.6666666667
3,"seaweeds",1990,16442.6666666667
1,"seaweeds",1990,16442.6666666667
6,"seaweeds",1990,16442.6666666667
12,"seaweeds",1990,16442.6666666667
10,"seaweeds",1990,16442.6666666667
2,"seaweeds",1991,15502.5
11,"seaweeds",1991,15502.5
4,"seaweeds",1991,15502.5
9,"seaweeds",1991,15502.5
5,"seaweeds",1991,15502.5
8,"seaweeds",1991,15502.5
7,"seaweeds",1991,15502.5
3,"seaweeds",1991,15502.5
1,"seaweeds",1991,15502.5
6,"seaweeds",1991,15502.5
12,"seaweeds",1991,15502.5
10,"seaweeds",1991,15502.5
2,"seaweeds",1992,29080.75
11,"seaweeds",1992,29080.75
4,"seaweeds",1992,29080.75
9,"seaweeds",1992,29080.75
5,"seaweeds",1992,29080.75
8,"seaweeds",1992,29080.75
7,"seaweeds",1992,29080.75
3,"seaweeds",1992,29080.75
1,"seaweeds",1992,29080.75
6,"seaweeds",1992,29080.75
12,"seaweeds",1992,29080.75
10,"seaweeds",1992,29080.75
2,"seaweeds",1993,41033.5
11,"seaweeds",1993,41033.5
4,"seaweeds",1993,41033.5
9,"seaweeds",1993,41033.5
5,"seaweeds",1993,41033.5
8,"seaweeds",1993,41033.5
7,"seaweeds",1993,41033.5
3,"seaweeds",1993,41033.5
1,"seaweeds",1993,41033.5
6,"seaweeds",1993,41033.5
12,"seaweeds",1993,41033.5
10,"seaweeds",1993,41033.5
2,"seaweeds",1994,55189.75
11,"seaweeds",1994,55189.75
4,"seaweeds",1994,55189.75
9,"seaweeds",1994,55189.75
5,"seaweeds",1994,55189.75
8,"seaweeds",1994,55189.75
7,"seaweeds",1994,55189.75
3,"seaweeds",1994,55189.75
1,"seaweeds",1994,55189.75
6,"seaweeds",1994,55189.75
12,"seaweeds",1994,55189.75
10,"seaweeds",1994,55189.75
2,"seaweeds",1995,69355.5
11,"seaweeds",1995,69355.5
4,"seaweeds",1995,69355.5
9,"seaweeds",1995,69355.5
5,"seaweeds",1995,69355.5
8,"seaweeds",1995,69355.5
7,"seaweeds",1995,69355.5
3,"seaweeds",1995,69355.5
1,"seaweeds",1995,69355.5
6,"seaweeds",1995,69355.5
12,"seaweeds",1995,69355.5
10,"seaweeds",1995,69355.5
2,"seaweeds",1996,64180.25
11,"seaweeds",1996,64180.25
4,"seaweeds",1996,64180.25
9,"seaweeds",1996,64180.25
5,"seaweeds",1996,64180.25
8,"seaweeds",1996,64180.25
7,"seaweeds",1996,64180.25
3,"seaweeds",1996,64180.25
1,"seaweeds",1996,64180.25
6,"seaweeds",1996,64180.25
12,"seaweeds",1996,64180.25
10,"seaweeds",1996,64180.25
2,"seaweeds",1997,63024.75
11,"seaweeds",1997,63024.75
4,"seaweeds",1997,63024.75
9,"seaweeds",1997,63024.75
5,"seaweeds",1997,63024.75
8,"seaweeds",1997,63024.75
7,"seaweeds",1997,63024.75
3,"seaweeds",1997,63024.75
1,"seaweeds",1997,63024.75
6,"seaweeds",1997,63024.75
12,"seaweeds",1997,63024.75
10,"seaweeds",1997,63024.75
2,"seaweeds",1998,61373.75
11,"seaweeds",1998,61373.75
4,"seaweeds",1998,61373.75
9,"seaweeds",1998,61373.75
5,"seaweeds",1998,61373.75
8,"seaweeds",1998,61373.75
7,"seaweeds",1998,61373.75
3,"seaweeds",1998,61373.75
1,"seaweeds",1998,61373.75
6,"seaweeds",1998,61373.75
12,"seaweeds",1998,61373.75
10,"seaweeds",1998,61373.75
2,"seaweeds",1999,60621.75
11,"seaweeds",1999,60621.75
4,"seaweeds",1999,60621.75
9,"seaweeds",1999,60621.75
5,"seaweeds",1999,60621.75
8,"seaweeds",1999,60621.75
7,"seaweeds",1999,60621.75
3,"seaweeds",1999,60621.75
1,"seaweeds",1999,60621.75
6,"seaweeds",1999,60621.75
12,"seaweeds",1999,60621.75
10,"seaweeds",1999,60621.75
2,"seaweeds",2000,61307.5
11,"seaweeds",2000,61307.5
4,"seaweeds",2000,61307.5
9,"seaweeds",2000,61307.5
5,"seaweeds",2000,61307.5
8,"seaweeds",2000,61307.5
7,"seaweeds",2000,61307.5
3,"seaweeds",2000,61307.5
1,"seaweeds",2000,61307.5
6,"seaweeds",2000,61307.5
12,"seaweeds",2000,61307.5
10,"seaweeds",2000,61307.5
2,"seaweeds",2001,61096.75
11,"seaweeds",2001,61096.75
4,"seaweeds",2001,61096.75
9,"seaweeds",2001,61096.75
5,"seaweeds",2001,61096.75
8,"seaweeds",2001,61096.75
7,"seaweeds",2001,61096.75
3,"seaweeds",2001,61096.75
1,"seaweeds",2001,61096.75
6,"seaweeds",2001,61096.75
12,"seaweeds",2001,61096.75
10,"seaweeds",2001,61096.75
2,"seaweeds",2002,61096
11,"seaweeds",2002,61096
4,"seaweeds",2002,61096
9,"seaweeds",2002,61096
5,"seaweeds",2002,61096
8,"seaweeds",2002,61096
7,"seaweeds",2002,61096
3,"seaweeds",2002,61096
1,"seaweeds",2002,61096
6,"seaweeds",2002,61096
12,"seaweeds",2002,61096
10,"seaweeds",2002,61096
2,"seaweeds",2003,63204.75
11,"seaweeds",2003,63204.75
4,"seaweeds",2003,63204.75
9,"seaweeds",2003,63204.75
5,"seaweeds",2003,63204.75
8,"seaweeds",2003,63204.75
7,"seaweeds",2003,63204.75
3,"seaweeds",2003,63204.75
1,"seaweeds",2003,63204.75
6,"seaweeds",2003,63204.75
12,"seaweeds",2003,63204.75
10,"seaweeds",2003,63204.75
2,"seaweeds",2004,69398.25
11,"seaweeds",2004,69398.25
4,"seaweeds",2004,69398.25
9,"seaweeds",2004,69398.25
5,"seaweeds",2004,69398.25
8,"seaweeds",2004,69398.25
7,"seaweeds",2004,69398.25
3,"seaweeds",2004,69398.25
1,"seaweeds",2004,69398.25
6,"seaweeds",2004,69398.25
12,"seaweeds",2004,69398.25
10,"seaweeds",2004,69398.25
2,"seaweeds",2005,76342.25
11,"seaweeds",2005,76342.25
4,"seaweeds",2005,76342.25
9,"seaweeds",2005,76342.25
5,"seaweeds",2005,76342.25
8,"seaweeds",2005,76342.25
7,"seaweeds",2005,76342.25
3,"seaweeds",2005,76342.25
1,"seaweeds",2005,76342.25
6,"seaweeds",2005,76342.25
12,"seaweeds",2005,76342.25
10,"seaweeds",2005,76342.25
2,"seaweeds",2006,84017
11,"seaweeds",2006,84017
4,"seaweeds",2006,84017
9,"seaweeds",2006,84017
5,"seaweeds",2006,84017
8,"seaweeds",2006,84017
7,"seaweeds",2006,84017
3,"seaweeds",2006,84017
1,"seaweeds",2006,84017
6,"seaweeds",2006,84017
12,"seaweeds",2006,84017
10,"seaweeds",2006,84017
2,"seaweeds",2007,88774.5
11,"seaweeds",2007,88774.5
4,"seaweeds",2007,88774.5
9,"seaweeds",2007,88774.5
5,"seaweeds",2007,88774.5
8,"seaweeds",2007,88774.5
7,"seaweeds",2007,88774.5
3,"seaweeds",2007,88774.5
1,"seaweeds",2007,88774.5
6,"seaweeds",2007,88774.5
12,"seaweeds",2007,88774.5
10,"seaweeds",2007,88774.5
2,"seaweeds",2008,95769
11,"seaweeds",2008,95769
4,"seaweeds",2008,95769
9,"seaweeds",2008,95769
5,"seaweeds",2008,95769
8,"seaweeds",2008,95769
7,"seaweeds",2008,95769
3,"seaweeds",2008,95769
1,"seaweeds",2008,95769
6,"seaweeds",2008,95769
12,"seaweeds",2008,95769
10,"seaweeds",2008,95769
2,"seaweeds",2009,105042
11,"seaweeds",2009,105042
4,"seaweeds",2009,105042
9,"seaweeds",2009,105042
5,"seaweeds",2009,105042
8,"seaweeds",2009,105042
7,"seaweeds",2009,105042
3,"seaweeds",2009,105042
1,"seaweeds",2009,105042
6,"seaweeds",2009,105042
12,"seaweeds",2009,105042
10,"seaweeds",2009,105042
2,"seaweeds",2010,108761
11,"seaweeds",2010,108761
4,"seaweeds",2010,108761
9,"seaweeds",2010,108761
5,"seaweeds",2010,108761
8,"seaweeds",2010,108761
7,"seaweeds",2010,108761
3,"seaweeds",2010,108761
1,"seaweeds",2010,108761
6,"seaweeds",2010,108761
12,"seaweeds",2010,108761
10,"seaweeds",2010,108761
2,"seaweeds",2011,116240.5
11,"seaweeds",2011,116240.5
4,"seaweeds",2011,116240.5
9,"seaweeds",2011,116240.5
5,"seaweeds",2011,116240.5
8,"seaweeds",2011,116240.5
7,"seaweeds",2011,116240.5
3,"seaweeds",2011,116240.5
1,"seaweeds",2011,116240.5
6,"seaweeds",2011,116240.5
12,"seaweeds",2011,116240.5
10,"seaweeds",2011,116240.5
2,"shells",2007,116.666666666667
11,"shells",2007,116.666666666667
4,"shells",2007,116.666666666667
9,"shells",2007,116.666666666667
5,"shells",2007,116.666666666667
8,"shells",2007,116.666666666667
7,"shells",2007,116.666666666667
3,"shells",2007,116.666666666667
1,"shells",2007,116.666666666667
6,"shells",2007,116.666666666667
12,"shells",2007,116.666666666667
10,"shells",2007,116.666666666667
2,"shells",2008,105.75
11,"shells",2008,105.75
4,"shells",2008,105.75
9,"shells",2008,105.75
5,"shells",2008,105.75
8,"shells",2008,105.75
7,"shells",2008,105.75
3,"shells",2008,105.75
1,"shells",2008,105.75
6,"shells",2008,105.75
12,"shells",2008,105.75
10,"shells",2008,105.75
2,"shells",2009,121.25
11,"shells",2009,121.25
4,"shells",2009,121.25
9,"shells",2009,121.25
5,"shells",2009,121.25
8,"shells",2009,121.25
7,"shells",2009,121.25
3,"shells",2009,121.25
1,"shells",2009,121.25
6,"shells",2009,121.25
12,"shells",2009,121.25
10,"shells",2009,121.25
2,"shells",2010,126.333333333333
11,"shells",2010,126.333333333333
4,"shells",2010,126.333333333333
9,"shells",2010,126.333333333333
5,"shells",2010,126.333333333333
8,"shells",2010,126.333333333333
7,"shells",2010,126.333333333333
3,"shells",2010,126.333333333333
1,"shells",2010,126.333333333333
6,"shells",2010,126.333333333333
12,"shells",2010,126.333333333333
10,"shells",2010,126.333333333333
2,"shells",2011,114.5
11,"shells",2011,114.5
4,"shells",2011,114.5
9,"shells",2011,114.5
5,"shells",2011,114.5
8,"shells",2011,114.5
7,"shells",2011,114.5
3,"shells",2011,114.5
1,"shells",2011,114.5
6,"shells",2011,114.5
12,"shells",2011,114.5
10,"shells",2011,114.5
2,"sponges",1990,89
11,"sponges",1990,89
4,"sponges",1990,89
9,"sponges",1990,89
5,"sponges",1990,89
8,"sponges",1990,89
7,"sponges",1990,89
3,"sponges",1990,89
1,"sponges",1990,89
6,"sponges",1990,89
12,"sponges",1990,89
10,"sponges",1990,89
2,"sponges",1991,242
11,"sponges",1991,242
4,"sponges",1991,242
9,"sponges",1991,242
5,"sponges",1991,242
8,"sponges",1991,242
7,"sponges",1991,242
3,"sponges",1991,242
1,"sponges",1991,242
6,"sponges",1991,242
12,"sponges",1991,242
10,"sponges",1991,242
2,"sponges",1992,405.5
11,"sponges",1992,405.5
4,"sponges",1992,405.5
9,"sponges",1992,405.5
5,"sponges",1992,405.5
8,"sponges",1992,405.5
7,"sponges",1992,405.5
3,"sponges",1992,405.5
1,"sponges",1992,405.5
6,"sponges",1992,405.5
12,"sponges",1992,405.5
10,"sponges",1992,405.5
2,"sponges",1993,401.75
11,"sponges",1993,401.75
4,"sponges",1993,401.75
9,"sponges",1993,401.75
5,"sponges",1993,401.75
8,"sponges",1993,401.75
7,"sponges",1993,401.75
3,"sponges",1993,401.75
1,"sponges",1993,401.75
6,"sponges",1993,401.75
12,"sponges",1993,401.75
10,"sponges",1993,401.75
2,"sponges",1994,352
11,"sponges",1994,352
4,"sponges",1994,352
9,"sponges",1994,352
5,"sponges",1994,352
8,"sponges",1994,352
7,"sponges",1994,352
3,"sponges",1994,352
1,"sponges",1994,352
6,"sponges",1994,352
12,"sponges",1994,352
10,"sponges",1994,352
2,"sponges",1995,176.75
11,"sponges",1995,176.75
4,"sponges",1995,176.75
9,"sponges",1995,176.75
5,"sponges",1995,176.75
8,"sponges",1995,176.75
7,"sponges",1995,176.75
3,"sponges",1995,176.75
1,"sponges",1995,176.75
6,"sponges",1995,176.75
12,"sponges",1995,176.75
10,"sponges",1995,176.75
2,"sponges",1996,2
11,"sponges",1996,2
4,"sponges",1996,2
9,"sponges",1996,2
5,"sponges",1996,2
8,"sponges",1996,2
7,"sponges",1996,2
3,"sponges",1996,2
1,"sponges",1996,2
6,"sponges",1996,2
12,"sponges",1996,2
10,"sponges",1996,2
2,"sponges",1997,0
11,"sponges",1997,0
4,"sponges",1997,0
9,"sponges",1997,0
5,"sponges",1997,0
8,"sponges",1997,0
7,"sponges",1997,0
3,"sponges",1997,0
1,"sponges",1997,0
6,"sponges",1997,0
12,"sponges",1997,0
10,"sponges",1997,0
2,"sponges",1998,3.25
11,"sponges",1998,3.25
4,"sponges",1998,3.25
9,"sponges",1998,3.25
5,"sponges",1998,3.25
8,"sponges",1998,3.25
7,"sponges",1998,3.25
3,"sponges",1998,3.25
1,"sponges",1998,3.25
6,"sponges",1998,3.25
12,"sponges",1998,3.25
10,"sponges",1998,3.25
2,"sponges",1999,3.25
11,"sponges",1999,3.25
4,"sponges",1999,3.25
9,"sponges",1999,3.25
5,"sponges",1999,3.25
8,"sponges",1999,3.25
7,"sponges",1999,3.25
3,"sponges",1999,3.25
1,"sponges",1999,3.25
6,"sponges",1999,3.25
12,"sponges",1999,3.25
10,"sponges",1999,3.25
2,"sponges",2000,3.25
11,"sponges",2000,3.25
4,"sponges",2000,3.25
9,"sponges",2000,3.25
5,"sponges",2000,3.25
8,"sponges",2000,3.25
7,"sponges",2000,3.25
3,"sponges",2000,3.25
1,"sponges",2000,3.25
6,"sponges",2000,3.25
12,"sponges",2000,3.25
10,"sponges",2000,3.25
2,"sponges",2001,3.25
11,"sponges",2001,3.25
4,"sponges",2001,3.25
9,"sponges",2001,3.25
5,"sponges",2001,3.25
8,"sponges",2001,3.25
7,"sponges",2001,3.25
3,"sponges",2001,3.25
1,"sponges",2001,3.25
6,"sponges",2001,3.25
12,"sponges",2001,3.25
10,"sponges",2001,3.25
2,"sponges",2002,0
11,"sponges",2002,0
4,"sponges",2002,0
9,"sponges",2002,0
5,"sponges",2002,0
8,"sponges",2002,0
7,"sponges",2002,0
3,"sponges",2002,0
1,"sponges",2002,0
6,"sponges",2002,0
12,"sponges",2002,0
10,"sponges",2002,0
2,"sponges",2003,0
11,"sponges",2003,0
4,"sponges",2003,0
9,"sponges",2003,0
5,"sponges",2003,0
8,"sponges",2003,0
7,"sponges",2003,0
3,"sponges",2003,0
1,"sponges",2003,0
6,"sponges",2003,0
12,"sponges",2003,0
10,"sponges",2003,0
2,"sponges",2004,0
11,"sponges",2004,0
4,"sponges",2004,0
9,"sponges",2004,0
5,"sponges",2004,0
8,"sponges",2004,0
7,"sponges",2004,0
3,"sponges",2004,0
1,"sponges",2004,0
6,"sponges",2004,0
12,"sponges",2004,0
10,"sponges",2004,0
2,"sponges",2005,0
11,"sponges",2005,0
4,"sponges",2005,0
9,"sponges",2005,0
5,"sponges",2005,0
8,"sponges",2005,0
7,"sponges",2005,0
3,"sponges",2005,0
1,"sponges",2005,0
6,"sponges",2005,0
12,"sponges",2005,0
10,"sponges",2005,0
2,"sponges",2006,0
11,"sponges",2006,0
4,"sponges",2006,0
9,"sponges",2006,0
5,"sponges",2006,0
8,"sponges",2006,0
7,"sponges",2006,0
3,"sponges",2006,0
1,"sponges",2006,0
6,"sponges",2006,0
12,"sponges",2006,0
10,"sponges",2006,0
2,"sponges",2007,0
11,"sponges",2007,0
4,"sponges",2007,0
9,"sponges",2007,0
5,"sponges",2007,0
8,"sponges",2007,0
7,"sponges",2007,0
3,"sponges",2007,0
1,"sponges",2007,0
6,"sponges",2007,0
12,"sponges",2007,0
10,"sponges",2007,0
2,"sponges",2008,0
11,"sponges",2008,0
4,"sponges",2008,0
9,"sponges",2008,0
5,"sponges",2008,0
8,"sponges",2008,0
7,"sponges",2008,0
3,"sponges",2008,0
1,"sponges",2008,0
6,"sponges",2008,0
12,"sponges",2008,0
10,"sponges",2008,0
2,"sponges",2009,0
11,"sponges",2009,0
4,"sponges",2009,0
9,"sponges",2009,0
5,"sponges",2009,0
8,"sponges",2009,0
7,"sponges",2009,0
3,"sponges",2009,0
1,"sponges",2009,0
6,"sponges",2009,0
12,"sponges",2009,0
10,"sponges",2009,0
2,"sponges",2010,0
11,"sponges",2010,0
4,"sponges",2010,0
9,"sponges",2010,0
5,"sponges",2010,0
8,"sponges",2010,0
7,"sponges",2010,0
3,"sponges",2010,0
1,"sponges",2010,0
6,"sponges",2010,0
12,"sponges",2010,0
10,"sponges",2010,0
2,"sponges",2011,0
11,"sponges",2011,0
4,"sponges",2011,0
9,"sponges",2011,0
5,"sponges",2011,0
8,"sponges",2011,0
7,"sponges",2011,0
3,"sponges",2011,0
1,"sponges",2011,0
6,"sponges",2011,0
12,"sponges",2011,0
10,"sponges",2011,0
